SA2,Participant in the Community Development Programme,Not a participant in the Community Development Programme,Not stated,Not applicable,Total
Braidwood,0,0,0,377,377
Karabar,0,0,0,1107,1107
Queanbeyan,0,0,0,1855,1855
Queanbeyan - East,0,0,0,768,768
Queanbeyan Region,0,0,0,2136,2136
Queanbeyan West - Jerrabomberra,0,0,0,1780,1780
Bombala,0,0,0,219,219
Cooma,0,0,0,720,720
Cooma Region,0,0,0,288,288
Jindabyne - Berridale,0,0,0,920,920
Batemans Bay,0,0,0,707,707
Batemans Bay - South,0,0,0,721,721
Bega - Tathra,0,0,0,849,849
Bega-Eden Hinterland,0,0,0,745,745
Broulee - Tomakin,0,0,0,269,269
Deua - Wadbilliga,0,0,0,0,0
Eden,0,0,0,308,308
Eurobodalla Hinterland,0,0,0,263,263
Merimbula - Tura Beach,0,0,0,889,889
Moruya - Tuross Head,0,0,0,678,678
Narooma - Bermagui,0,0,12,633,641
Goulburn,0,0,0,2773,2773
Goulburn Region,0,0,0,1226,1226
Yass,0,0,0,777,777
Yass Region,0,0,0,1348,1348
Young,0,0,0,1169,1169
Young Region,0,0,0,673,679
Avoca Beach - Copacabana,0,0,3,856,863
Box Head - MacMasters Beach,0,0,0,1048,1048
Calga - Kulnura,0,0,0,471,471
Erina - Green Point,0,0,0,1317,1317
Gosford - Springfield,0,0,0,2660,2660
Kariong,0,0,0,827,827
Kincumber - Picketts Valley,0,0,0,729,729
Narara,0,0,0,833,833
Niagara Park - Lisarow,0,0,0,945,945
Point Clare - Koolewong,0,0,0,709,709
Saratoga - Davistown,0,0,0,790,790
Terrigal - North Avoca,0,0,0,1623,1623
Umina - Booker Bay - Patonga,0,0,0,2671,2671
Wamberal - Forresters Beach,0,0,0,1185,1185
Woy Woy - Blackwall,0,0,0,1519,1519
Wyoming,0,0,0,1354,1354
Bateau Bay - Killarney Vale,0,0,0,2668,2668
Blue Haven - San Remo,0,0,0,1486,1486
Budgewoi - Buff Point - Halekulani,0,0,0,1008,1008
Chittaway Bay - Tumbi Umbi,0,0,0,1843,1843
Gorokan - Kanwal - Charmhaven,0,0,0,2491,2491
Jilliby - Yarramalong,0,0,0,368,368
Lake Munmorah - Mannering Park,0,0,0,1008,1008
Ourimbah - Fountaindale,0,0,0,600,600
Summerland Point - Gwandalan,0,0,0,626,626
The Entrance,0,0,0,1759,1759
Toukley - Norah Head,0,0,0,1001,1001
Tuggerah - Kangy Angy,0,0,0,731,731
Warnervale - Wadalba,0,0,0,2149,2149
Wyong,0,0,0,1070,1070
Bathurst,0,0,0,2873,2873
Bathurst - East,0,0,0,1411,1411
Bathurst Region,0,0,0,609,609
Oberon,0,0,0,427,427
Condobolin,0,0,4,751,756
Cowra,0,0,4,905,912
Cowra Region,0,0,0,489,489
Forbes,0,0,0,1064,1066
Grenfell,0,0,0,328,328
Parkes (NSW),0,0,0,1275,1275
Parkes Region,0,0,0,303,303
West Wyalong,0,0,0,624,624
Lithgow,0,0,0,1376,1376
Lithgow Region,0,0,0,857,857
Mudgee,0,0,0,1533,1533
Mudgee Region - East,0,0,0,299,299
Mudgee Region - West,0,0,0,1060,1060
Wollangambe - Wollemi,0,0,0,0,0
Blayney,0,0,0,847,847
Orange,0,0,0,2334,2334
Orange - North,0,0,0,2918,2918
Orange Region,0,0,0,1252,1252
Grafton,0,0,0,2049,2049
Grafton Region,0,0,7,1365,1369
Maclean - Yamba - Iluka,0,0,10,1307,1315
Bellingen,0,0,0,642,642
Coffs Harbour - North,0,0,0,2066,2066
Coffs Harbour - South,0,0,0,1174,1174
Coramba - Nana Glen - Bucca,0,0,0,428,428
Dorrigo,0,0,0,256,256
Korora - Emerald Beach,0,0,0,1019,1019
Sawtell - Boambee,0,0,0,2125,2125
Urunga,0,0,0,373,373
Woolgoolga - Arrawarra,0,0,0,1414,1414
Bourke - Brewarrina,6,11,45,454,506
Cobar,0,0,5,630,635
Coonamble,0,0,0,458,458
Nyngan - Warren,0,0,0,539,539
Walgett - Lightning Ridge,0,5,49,701,753
Broken Hill,0,0,6,2043,2045
Far West,11,17,56,221,300
Coonabarabran,0,0,0,747,747
Dubbo - East,0,0,0,1353,1353
Dubbo - South,0,0,0,2421,2421
Dubbo - West,0,0,0,1231,1230
Dubbo Region,0,0,0,616,616
Gilgandra,0,0,0,454,454
Narromine,0,0,0,705,705
Wellington,0,0,6,853,862
Branxton - Greta - Pokolbin,0,0,0,1420,1420
Cessnock,0,0,0,2656,2656
Cessnock Region,0,0,0,919,919
Dungog,0,0,0,951,951
Kurri Kurri - Abermain,0,0,0,2240,2240
Singleton,0,0,0,2184,2184
Singleton Region,0,0,0,563,563
Maitland,0,0,0,1015,1015
Maitland - East,0,0,0,3652,3652
Maitland - North,0,0,0,964,964
Maitland - West,0,0,0,3225,3223
Thornton - Millers Forest,0,0,0,1412,1412
Anna Bay,0,0,0,539,539
Lemon Tree Passage - Tanilba Bay,0,0,0,631,631
Nelson Bay Peninsula,0,0,0,1942,1942
Raymond Terrace,0,0,0,1701,1701
Seaham - Woodville,0,0,0,555,555
Tea Gardens - Hawks Nest,0,0,0,288,288
Williamtown - Medowie - Karuah,0,0,7,1707,1717
Muswellbrook,0,0,0,1615,1615
Muswellbrook Region,0,0,0,476,476
Scone,0,0,0,764,764
Scone Region,0,0,0,992,992
Dapto - Avondale,0,0,0,2841,2841
Horsley - Kembla Grange,0,0,0,1287,1287
Port Kembla Industrial,0,0,0,0,0
Unanderra - Mount Kembla,0,0,0,1889,1889
Berkeley - Lake Heights - Cringila,0,0,0,1730,1730
Port Kembla - Warrawong,0,0,0,1160,1160
Windang - Primbee,0,0,0,414,414
Illawarra Catchment Reserve,0,0,0,0,0
Albion Park - Macquarie Pass,0,0,0,1955,1955
Albion Park Rail,0,0,0,860,860
Kiama,0,0,0,733,733
Kiama Downs - Minnamurra,0,0,0,643,643
Kiama Hinterland - Gerringong,0,0,0,776,776
Shellharbour - Flinders,0,0,0,2266,2266
Shellharbour - Oak Flats,0,0,0,1195,1195
Warilla,0,0,0,2335,2335
Balgownie - Fairy Meadow,0,0,0,2575,2575
Corrimal - Tarrawanna - Bellambi,0,0,0,1981,1981
Figtree - Keiraville,0,0,0,2627,2627
Helensburgh,0,0,0,1177,1177
Thirroul - Austinmer - Coalcliff,0,0,0,1409,1409
Woonona - Bulli - Russell Vale,0,0,0,2582,2582
Wollongong - East,0,0,0,2016,2016
Wollongong - West,0,0,0,2355,2355
Bulahdelah - Stroud,0,0,0,426,426
Forster,0,0,10,1228,1237
Forster-Tuncurry Region,0,0,0,523,523
Tuncurry,0,0,0,407,407
Kempsey,0,10,27,1508,1537
Kempsey Region,0,0,4,815,820
Macksville - Scotts Head,0,0,0,445,444
Nambucca Heads,0,0,5,536,541
Nambucca Heads Region,0,3,10,685,700
South West Rocks,0,0,0,415,415
Lord Howe Island,0,0,0,56,56
Laurieton - Bonny Hills,0,0,0,1299,1299
Port Macquarie - East,0,0,0,2971,2971
Port Macquarie - West,0,0,0,1778,1778
Port Macquarie Region,0,0,0,498,498
Wauchope,0,0,0,1171,1171
Gloucester,0,0,0,425,425
Old Bar - Manning Point - Red Head,0,0,0,969,969
Taree,0,0,17,2061,2077
Taree Region,0,0,0,976,976
Wingham,0,0,0,520,520
Albury - East,0,0,0,2168,2168
Albury - North,0,0,0,1249,1249
Albury - South,0,0,0,1178,1178
Albury Region,0,0,0,1179,1179
Lavington,0,0,0,1784,1787
Hay,0,0,0,293,293
Wentworth - Buronga,0,6,60,567,631
Wentworth-Balranald Region,0,0,0,387,392
Corowa,0,0,0,478,478
Corowa Region,0,0,0,635,635
Deniliquin,0,0,0,803,803
Deniliquin Region,0,5,9,600,613
Moama,0,0,0,640,640
Tocumwal - Finley - Jerilderie,0,0,0,955,955
Armidale,0,4,8,2757,2765
Armidale Region - North,0,0,0,484,484
Armidale Region - South,0,0,0,611,611
Walcha,0,0,0,307,307
Glen Innes,0,0,0,830,830
Inverell,0,0,0,1307,1307
Inverell Region - East,0,0,0,510,510
Inverell Region - West,0,0,0,574,574
Tenterfield,0,0,14,576,596
Moree,0,0,16,1093,1110
Moree Region,0,10,51,586,651
Narrabri,0,0,0,891,891
Narrabri Region,0,0,0,550,550
Gunnedah,0,0,0,1154,1154
Gunnedah Region,0,0,0,421,421
Quirindi,0,0,3,802,812
Tamworth - East,0,0,0,2513,2513
Tamworth - North,0,0,0,1969,1969
Tamworth - West,0,0,0,763,763
Tamworth Region,0,0,0,2005,2005
Belmont - Bennetts Green,0,0,0,1955,1955
Belmont South - Blacksmiths,0,0,0,574,574
Charlestown - Dudley,0,0,0,3322,3322
Glendale - Cardiff - Hillsborough,0,0,0,3154,3154
Mount Hutton - Windale,0,0,0,1079,1079
Redhead,0,0,0,332,332
Swansea - Caves Beach,0,0,0,1102,1102
Valentine - Eleebana,0,0,0,1207,1207
Warners Bay - Boolaroo,0,0,0,1534,1534
Bolton Point - Teralba,0,0,0,929,929
Bonnells Bay - Silverwater,0,0,0,954,954
Edgeworth - Cameron Park,0,0,0,2206,2206
Morisset - Cooranbong,0,0,0,1486,1486
Toronto - Awaba,0,0,0,1390,1390
Wangi Wangi - Rathmines,0,0,0,946,946
West Wallsend - Barnsley - Killingworth,0,0,0,885,885
Adamstown - Kotara,0,0,0,2150,2150
Beresfield - Hexham,0,0,0,1035,1035
Hamilton - Broadmeadow,0,0,0,1590,1590
Lambton - New Lambton,0,0,0,2246,2246
Maryland - Fletcher - Minmi,0,0,0,2085,2085
Mayfield - Warabrook,0,0,0,2356,2356
Merewether - The Junction,0,0,0,1834,1834
Newcastle - Cooks Hill,0,0,0,1765,1765
Newcastle Port - Kooragang,0,0,0,5,5
Shortland - Jesmond,0,0,0,1406,1406
Stockton - Fullerton Cove,0,0,0,740,740
Wallsend - Elermore Vale,0,0,0,2537,2537
Waratah - North Lambton,0,0,0,1686,1686
Wickham - Carrington - Tighes Hill,0,0,0,1460,1460
Ballina,0,0,0,1654,1654
Ballina Region,0,0,8,1689,1700
Bangalow,0,0,0,702,702
Brunswick Heads - Ocean Shores,0,0,0,1047,1047
Byron Bay,0,0,0,1510,1510
Evans Head,0,0,0,501,501
Lennox Head - Skennars Head,0,0,0,948,948
Mullumbimby,0,0,0,892,892
Casino,0,0,0,1288,1288
Casino Region,0,0,4,621,628
Goonellabah,0,0,0,1594,1594
Kyogle,0,0,4,634,640
Lismore,0,0,6,1858,1862
Lismore Region,0,0,0,1614,1614
Kingscliff - Fingal Head,0,0,0,1528,1528
Murwillumbah,0,0,0,941,941
Murwillumbah Region,0,0,0,945,945
Pottsville,0,0,0,1574,1574
Tweed Heads,0,0,0,2038,2038
Banora Point,0,0,0,1553,1553
Terranora - North Tumblegum,0,0,0,359,359
Tweed Heads South,0,0,0,732,732
Griffith (NSW),0,0,0,2565,2565
Griffith Region,0,0,0,1492,1492
Leeton,0,0,0,1087,1087
Narrandera,0,0,0,625,625
Tumbarumba,0,0,0,319,319
Tumut,0,0,0,691,691
Tumut Region,0,4,0,472,485
Cootamundra,0,0,0,743,743
Gundagai,0,0,0,380,380
Junee,0,0,0,592,592
Temora,0,0,0,648,648
Wagga Wagga - East,0,0,0,2113,2114
Wagga Wagga - North,0,0,0,602,602
Wagga Wagga - South,0,0,0,2874,2874
Wagga Wagga - West,0,0,0,1651,1651
Wagga Wagga Region,0,0,0,1672,1672
Berry - Kangaroo Valley,0,0,0,735,735
Callala Bay - Currarong,0,0,0,297,297
Culburra Beach,0,0,13,409,424
Ettrema - Sassafras - Budawang,0,0,0,3,3
Huskisson - Vincentia,0,0,0,438,438
North Nowra - Bomaderry,0,0,0,1698,1698
Nowra,0,0,0,2411,2411
St Georges Basin - Erowal Bay,0,0,0,1322,1322
Sussex Inlet - Berrara,0,0,0,280,280
Tomerong - Wandandian - Woollamia,0,0,0,333,333
Ulladulla,0,0,0,1349,1349
Ulladulla Region,0,0,0,391,391
Bowral,0,0,0,1013,1013
Hill Top - Colo Vale,0,0,0,758,758
Mittagong,0,0,0,918,918
Moss Vale - Berrima,0,0,0,1113,1113
Robertson - Fitzroy Falls,0,0,0,346,346
Southern Highlands,0,0,0,550,550
Baulkham Hills (East),0,0,0,3517,3517
Baulkham Hills (West) - Bella Vista,0,0,0,2539,2539
Glenhaven,0,0,0,560,560
West Pennant Hills,0,0,0,1391,1391
Castle Hill - Central,0,0,0,1153,1153
Castle Hill - East,0,0,0,449,449
Castle Hill - North,0,0,0,1332,1332
Castle Hill - South,0,0,0,1306,1306
Castle Hill - West,0,0,0,680,680
Cherrybrook,0,0,0,2050,2050
Kellyville,0,0,0,3388,3388
Dural - Kenthurst - Wisemans Ferry,0,0,0,2186,2186
Galston - Laughtondale,0,0,0,524,524
Bilpin - Colo - St Albans,0,0,0,282,282
Kurrajong Heights - Ebenezer,0,0,0,2562,2562
Pitt Town - McGraths Hill,0,0,0,1373,1373
Rouse Hill - Beaumont Hills,0,0,0,3430,3430
Blacktown (East) - Kings Park,0,0,0,3216,3216
Blacktown (North) - Marayong,0,0,0,2749,2749
Doonside - Woodcroft,0,0,0,3449,3449
Lalor Park - Kings Langley,0,0,0,3544,3544
Seven Hills - Toongabbie,0,0,0,3571,3571
Blacktown (South),0,0,0,1837,1837
Blacktown (West),0,0,0,2389,2389
Glenwood,0,0,0,2432,2432
Parklea - Kellyville Ridge,0,0,0,5976,5976
Riverstone - Marsden Park,0,0,0,2914,2914
Acacia Gardens,0,0,0,643,643
Quakers Hill,0,0,0,3856,3856
Bidwill - Hebersham - Emerton,0,0,0,2497,2497
Glendenning - Dean Park,0,0,0,1340,1340
Hassall Grove - Plumpton,0,0,0,2996,2996
Lethbridge Park - Tregear,0,0,0,3165,3165
Mount Druitt - Whalan,0,0,0,3445,3445
Prospect Reservoir,0,0,0,6,6
Rooty Hill - Minchinbury,0,0,0,3038,3038
Banksmeadow,0,0,0,7,7
Botany,0,0,0,1771,1772
Mascot - Eastlakes,0,0,0,4481,4481
Pagewood - Hillsdale - Daceyville,0,0,0,1672,1672
Port Botany Industrial,0,0,0,0,0
Sydney Airport,0,0,0,18,18
Marrickville,0,0,0,5283,5283
Petersham - Stanmore,0,0,0,4439,4439
Sydenham - Tempe - St Peters,0,0,0,1560,1560
Darlinghurst,0,0,0,2583,2583
Erskineville - Alexandria,0,0,0,4321,4321
Glebe - Forest Lodge,0,0,0,4165,4165
Newtown - Camperdown - Darlington,0,0,0,5489,5489
Potts Point - Woolloomooloo,0,0,0,4526,4526
Pyrmont - Ultimo,0,0,0,4972,4972
Redfern - Chippendale,0,0,0,4934,4934
Surry Hills,0,0,0,3947,3947
Sydney - Haymarket - The Rocks,0,0,0,7377,7380
Waterloo - Beaconsfield,0,0,0,7422,7419
Bondi - Tamarama - Bronte,0,0,0,4127,4127
Bondi Beach - North Bondi,0,0,0,5109,5109
Bondi Junction - Waverly,0,0,0,3315,3315
Centennial Park,0,0,0,0,0
Double Bay - Bellevue Hill,0,0,0,4413,4413
Dover Heights,0,0,0,1715,1715
Paddington - Moore Park,0,0,0,3458,3458
Rose Bay - Vaucluse - Watsons Bay,0,0,0,1418,1418
Woollahra,0,0,0,1335,1335
Coogee - Clovelly,0,0,0,5284,5284
Malabar - La Perouse - Chifley,0,4,9,2864,2877
Kensington (NSW),0,0,0,2310,2312
Kingsford,0,0,0,2269,2269
Maroubra - North,0,0,0,1477,1477
Maroubra - South,0,0,0,1738,1738
Maroubra - West,0,0,0,1640,1640
Randwick - North,0,0,0,3634,3634
Randwick - South,0,0,0,2703,2703
Bass Hill - Georges Hall,0,0,0,2788,2788
Chullora,0,0,0,183,183
Condell Park,0,0,0,1665,1665
Greenacre - Mount Lewis,0,0,0,3444,3444
Padstow,0,0,0,2143,2143
Panania - Milperra - Picnic Point,0,0,0,3480,3480
Revesby,0,0,0,2295,2295
Yagoona - Birrong,0,0,0,2859,2859
Bankstown - North,0,0,0,2733,2733
Bankstown - South,0,0,0,2461,2461
Belmore - Belfield,0,0,0,2722,2722
Canterbury (South) - Campsie,0,0,0,5293,5293
Kingsgrove (North) - Earlwood,0,0,0,3114,3114
Punchbowl,0,0,0,2910,2910
Roselands,0,0,0,1896,1896
Lakemba,0,0,0,2643,2643
Wiley Park,0,0,0,1750,1750
Hurstville,0,0,0,4184,4184
Mortdale - Penshurst,0,0,0,3887,3887
Narwee - Beverly Hills,0,0,0,1976,1976
Oatley - Hurstville Grove,0,0,0,1610,1610
Peakhurst - Lugarno,0,0,0,2113,2113
Riverwood,0,0,0,1623,1623
South Hurstville - Blakehurst,0,0,0,3516,3516
Arncliffe - Bardwell Valley,0,0,0,4624,4624
Bexley,0,0,0,4146,4146
Kingsgrove (South) - Bardwell Park,0,0,0,1679,1679
Kogarah,0,0,0,2204,2204
Kogarah Bay - Carlton - Allawah,0,0,0,2562,2562
Monterey - Brighton-le-Sands - Kyeemagh,0,0,0,2200,2200
Rockdale - Banksia,0,0,0,3745,3745
Sans Souci - Ramsgate,0,0,0,2135,2135
Concord - Mortlake - Cabarita,0,0,0,2966,2966
Concord West - North Strathfield,0,0,0,5432,5432
Drummoyne - Rodd Point,0,0,0,2962,2962
Five Dock - Abbotsford,0,0,0,3302,3302
Balmain,0,0,0,2674,2674
Leichhardt - Annandale,0,0,0,5011,5011
Lilyfield - Rozelle,0,0,0,2672,2672
Ashfield,0,0,0,4661,4661
Burwood - Croydon,0,0,0,4294,4294
Canterbury (North) - Ashbury,0,0,0,1654,1654
Croydon Park - Enfield,0,0,0,2546,2546
Dulwich Hill - Lewisham,0,0,0,3237,3237
Haberfield - Summer Hill,0,0,0,2179,2179
Homebush,0,0,0,3488,3488
Strathfield,0,0,0,4079,4079
Strathfield South,0,0,0,523,523
Chatswood (East) - Artarmon,0,0,0,5601,5601
Chatswood (West) - Lane Cove North,0,0,0,4061,4061
Lane Cove - Greenwich,0,0,0,3976,3976
St Leonards - Naremburn,0,0,0,2511,2511
Willoughby - Castle Cove - Northbridge,0,0,0,3128,3128
Asquith - Mount Colah,0,0,0,2386,2386
Berowra - Brooklyn - Cowan,0,0,0,1400,1400
Normanhurst - Thornleigh - Westleigh,0,0,0,2169,2169
Hornsby - East,0,0,0,2505,2505
Hornsby - West,0,0,0,1516,1516
Waitara - Wahroonga (West),0,0,0,1775,1775
Gordon - Killara,0,0,0,2561,2561
Lindfield - Roseville,0,0,0,2825,2825
Pymble,0,0,0,1853,1853
St Ives,0,0,0,2329,2329
Turramurra,0,0,0,1938,1938
Wahroonga (East) - Warrawee,0,0,0,1803,1803
Cremorne - Cammeray,0,0,0,3786,3786
Crows Nest - Waverton,0,0,0,4249,4249
Mosman,0,0,0,4089,4089
Neutral Bay - Kirribilli,0,0,0,4048,4048
North Sydney - Lavender Bay,0,0,0,2295,2295
Balgowlah - Clontarf - Seaforth,0,0,0,2576,2576
Manly - Fairlight,0,0,0,4425,4425
Avalon - Palm Beach,0,0,0,1121,1121
Bayview - Elanora Heights,0,0,0,1005,1005
Newport - Bilgola,0,0,0,1432,1432
Warriewood - Mona Vale,0,0,0,3038,3038
Beacon Hill - Narraweena,0,0,0,1659,1659
Cromer,0,0,0,878,878
Dee Why - North Curl Curl,0,0,0,4632,4632
Forestville - Killarney Heights,0,0,0,1428,1428
Frenchs Forest - Belrose,0,0,0,2723,2723
Freshwater - Brookvale,0,0,0,3863,3863
Manly Vale - Allambie Heights,0,0,0,2399,2399
Narrabeen - Collaroy,0,0,0,3515,3515
Terrey Hills - Duffys Forest,0,0,0,351,351
Camden - Ellis Lane,0,0,0,1565,1565
Elderslie - Harrington Park,0,0,0,3150,3150
Mount Annan - Currans Hill,0,0,0,4783,4783
Bradbury - Wedderburn,0,0,0,2793,2793
Campbelltown - Woodbine,0,0,0,2694,2694
Claymore - Eagle Vale - Raby,0,0,0,2946,2946
Holsworthy Military Area,0,0,0,0,0
Ingleburn - Denham Court,0,0,0,2965,2965
Leumeah - Minto Heights,0,0,0,2356,2356
Macquarie Fields - Glenfield,0,0,0,3600,3600
Minto - St Andrews,0,0,0,2954,2954
Rosemeadow - Glen Alpine,0,0,0,2779,2779
Bargo,0,0,0,716,716
Douglas Park - Appin,0,0,0,1330,1330
Picton - Tahmoor - Buxton,0,0,0,2181,2181
The Oaks - Oakdale,0,0,0,1126,1126
Blackheath - Megalong Valley,0,0,0,562,562
Blaxland - Warrimoo - Lapstone,0,0,0,2259,2259
Blue Mountains - North,0,0,0,0,0
Katoomba - Leura,0,0,0,1442,1442
Lawson - Hazelbrook - Linden,0,0,0,1317,1317
Springwood - Winmalee,0,0,0,2467,2467
Wentworth Falls,0,0,0,586,586
Blue Mountains - South,0,0,0,0,0
Cambridge Park,0,0,0,2327,2327
Castlereagh - Cranebrook,0,0,0,3954,3954
Emu Plains - Leonay,0,0,0,2011,2011
Glenmore Park - Regentville,0,0,0,3253,3253
Jamisontown - South Penrith,0,0,0,2543,2543
Kingswood - Werrington,0,0,0,3227,3227
Mulgoa - Luddenham - Orchard Hills,0,0,0,1382,1382
Penrith,0,0,0,1981,1981
Warragamba - Silverdale,0,0,0,653,653
Richmond - Clarendon,0,0,0,1797,1797
Windsor - Bligh Park,0,0,0,2155,2155
Yarramundi - Londonderry,0,0,0,942,942
Erskine Park,0,0,0,814,814
St Clair,0,0,0,2902,2902
Colyton - Oxley Park,0,0,0,1657,1657
St Marys - North St Marys,0,0,0,2376,2376
Homebush Bay - Silverwater,0,0,0,4315,4315
Rookwood Cemetery,0,0,0,0,0
Auburn - Central,0,0,0,2534,2534
Auburn - North,0,0,0,1850,1850
Auburn - South,0,0,0,1193,1193
Berala,0,0,0,1307,1307
Lidcombe,0,0,0,3377,3377
Regents Park,0,0,0,682,682
Carlingford,0,0,0,3636,3636
Ermington - Rydalmere,0,0,0,3236,3236
Oatlands - Dundas Valley,0,0,0,2687,2687
Chester Hill - Sefton,0,0,0,2353,2353
Fairfield - East,0,0,0,2107,2107
Granville - Clyde,0,0,0,3435,3435
Greystanes - Pemulwuy,0,0,0,3872,3872
Guildford - South Granville,0,0,0,3077,3077
Guildford West - Merrylands West,0,0,0,3123,3123
Merrylands - Holroyd,0,0,0,4587,4587
Smithfield Industrial,0,0,0,0,0
Yennora Industrial,0,0,0,0,0
North Parramatta,0,0,0,4560,4560
North Rocks,0,0,0,963,963
Northmead,0,0,0,4489,4489
Parramatta - Rosehill,0,0,0,7217,7217
Toongabbie - Constitution Hill,0,0,0,3136,3136
Winston Hills,0,0,0,1497,1497
Pendle Hill - Girraween,0,0,0,2120,2120
Wentworthville - Westmead,0,0,0,2838,2838
Epping - North Epping,0,0,0,3930,3930
Pennant Hills - Cheltenham,0,0,0,2293,2293
Eastwood - Denistone,0,0,0,3661,3661
Gladesville - Huntleys Point,0,0,0,2180,2180
Hunters Hill - Woolwich,0,0,0,1065,1065
Macquarie Park - Marsfield,0,0,0,4070,4070
North Ryde - East Ryde,0,0,0,1595,1595
West Ryde - Meadowbank,0,0,0,4016,4016
Putney,0,0,0,431,431
Ryde,0,0,0,4698,4698
Ashcroft - Busby - Miller,0,0,0,2210,2210
Austral - Greendale,0,0,0,1024,1024
Cobbitty - Leppington,0,0,0,3141,3141
Badgerys Creek,0,0,0,6,6
Cecil Hills,0,0,0,913,913
Green Valley,0,0,0,1721,1721
Hinchinbrook,0,0,0,1810,1810
Hoxton Park - Carnes Hill - Horningsea Park,0,0,0,1921,1921
West Hoxton - Middleton Grange,0,0,0,2576,2576
Bonnyrigg Heights - Bonnyrigg,0,0,0,2139,2139
Bossley Park - Abbotsbury,0,0,0,2286,2286
Cabramatta - Lansvale,0,0,0,3632,3632
Cabramatta West - Mount Pritchard,0,0,0,2324,2324
Canley Vale - Canley Heights,0,0,0,2971,2971
Edensor Park,0,0,0,1240,1240
Fairfield,0,0,0,2583,2583
Fairfield - West,0,0,0,2634,2634
Greenfield Park - Prairiewood,0,0,0,1038,1038
Horsley Park - Kemps Creek,0,0,0,482,482
Smithfield - Wetherill Park,0,0,0,2372,2372
St Johns Park - Wakeley,0,0,0,1391,1391
Wetherill Park Industrial,0,0,0,0,0
Casula,0,0,0,2249,2249
Chipping Norton - Moorebank,0,0,0,2815,2815
Holsworthy - Wattle Grove,0,0,0,3259,3259
Liverpool,0,0,0,4436,4436
Lurnea - Cartwright,0,0,0,1590,1590
Prestons - Edmondson Park,0,0,0,2836,2836
Warwick Farm,0,0,0,989,989
Gymea - Grays Point,0,0,0,2233,2233
Miranda - Yowie Bay,0,0,0,2492,2492
Sylvania - Taren Point,0,0,0,1801,1801
Caringbah,0,0,0,1941,1941
Caringbah South,0,0,0,1339,1339
Cronulla - Kurnell - Bundeena,0,0,0,3745,3745
Lilli Pilli - Port Hacking - Dolans Bay,0,0,0,310,310
Woolaware - Burraneer,0,0,0,909,909
Heathcote - Waterfall,0,0,0,758,758
Illawong - Alfords Point,0,0,0,1125,1125
Menai - Lucas Heights - Woronora,0,0,0,2488,2488
Oyster Bay - Como - Jannali,0,0,0,2697,2697
Royal National Park,0,0,0,8,8
Sutherland - Kirrawee,0,0,0,3440,3440
Engadine,0,0,0,2368,2368
Loftus - Yarrawarrah,0,0,0,925,925
Woronora Heights,0,0,0,390,390
Migratory - Offshore - Shipping (NSW),0,0,0,34,34
No Usual Address (NSW),0,0,0,1720,1716
Alfredton,0,0,0,1626,1626
Ballarat,0,0,0,1456,1456
Ballarat - North,0,0,0,3018,3018
Ballarat - South,0,0,0,3323,3323
Buninyong,0,0,0,783,783
Delacombe,0,0,0,945,945
Smythes Creek,0,0,0,441,441
Wendouree - Miners Rest,0,0,0,1859,1859
Bacchus Marsh Region,0,0,0,685,685
Creswick - Clunes,0,0,0,769,769
Daylesford,0,0,0,878,878
Gordon (Vic.),0,0,0,602,602
Avoca,0,0,0,282,282
Beaufort,0,0,0,376,376
Golden Plains - North,0,0,0,492,492
Maryborough (Vic.),0,0,0,737,737
Maryborough Region,0,0,0,433,433
Bendigo,0,0,0,1916,1916
California Gully - Eaglehawk,0,0,0,1515,1515
East Bendigo - Kennington,0,0,0,1450,1450
Flora Hill - Spring Gully,0,0,0,1207,1207
Kangaroo Flat - Golden Square,0,0,0,2601,2601
Maiden Gully,0,0,0,711,711
Strathfieldsaye,0,0,0,1124,1124
White Hills - Ascot,0,0,0,1790,1790
Bendigo Region - South,0,0,0,859,859
Castlemaine,0,0,0,1044,1044
Castlemaine Region,0,0,0,743,743
Heathcote,0,0,0,392,392
Kyneton,0,0,0,1069,1069
Woodend,0,0,0,790,790
Bendigo Region - North,0,0,0,435,435
Loddon,0,0,0,573,573
Bannockburn,0,0,0,912,912
Golden Plains - South,0,0,0,834,834
Winchelsea,0,0,0,619,619
Belmont,0,0,0,1983,1983
Corio - Norlane,0,0,0,3304,3304
Geelong,0,0,0,1826,1826
Geelong West - Hamlyn Heights,0,0,0,3001,3001
Grovedale,0,0,0,3238,3238
Highton,0,0,0,2592,2592
Lara,0,0,0,2410,2410
Leopold,0,0,0,1762,1762
Newcomb - Moolap,0,0,0,1680,1680
Newtown (Vic.),0,0,0,1277,1277
North Geelong - Bell Park,0,0,0,1857,1857
Clifton Springs,0,0,0,1456,1456
Lorne - Anglesea,0,0,0,468,468
Ocean Grove - Barwon Heads,0,0,0,3065,3065
Portarlington,0,0,0,546,546
Point Lonsdale - Queenscliff,0,0,0,285,285
Torquay,0,0,0,2566,2566
Alexandra,0,0,0,583,583
Euroa,0,0,0,531,531
Kilmore - Broadford,0,0,0,1660,1660
Mansfield (Vic.),0,0,0,884,884
Nagambie,0,0,0,410,410
Seymour,0,0,0,666,666
Seymour Region,0,0,0,533,533
Upper Yarra Valley,0,0,0,21,21
Yea,0,0,0,320,320
Benalla,0,0,0,1003,1003
Benalla Region,0,0,0,332,332
Rutherglen,0,0,0,411,411
Wangaratta,0,0,0,2152,2152
Wangaratta Region,0,0,0,957,957
Beechworth,0,0,0,446,446
Bright - Mount Beauty,0,0,0,920,920
Chiltern - Indigo Valley,0,0,0,331,331
Myrtleford,0,0,0,408,408
Towong,0,0,0,519,519
West Wodonga,0,0,0,2025,2025
Wodonga,0,0,0,3291,3291
Yackandandah,0,0,0,456,456
Drouin,0,0,0,1979,1979
Mount Baw Baw Region,0,0,0,564,564
Trafalgar (Vic.),0,0,0,919,919
Warragul,0,0,0,2165,2165
Alps - East,0,0,0,0,0
Bairnsdale,0,0,0,1608,1608
Bruthen - Omeo,0,0,0,772,772
Lake King,0,0,0,0,0
Lakes Entrance,0,0,0,872,872
Orbost,0,0,0,514,514
Paynesville,0,0,0,468,468
Foster,0,0,0,756,756
French Island,0,0,0,12,12
Korumburra,0,0,0,978,978
Leongatha,0,0,0,1168,1168
Phillip Island,0,0,0,1058,1058
Wilsons Promontory,0,0,0,4,4
Wonthaggi - Inverloch,0,0,0,2192,2192
Churchill,0,0,0,1291,1291
Moe - Newborough,0,0,0,1881,1881
Morwell,0,0,0,1612,1612
Traralgon,0,0,0,3660,3660
Yallourn North - Glengarry,0,0,0,550,550
Alps - West,0,0,0,0,0
Longford - Loch Sport,0,0,0,365,365
Maffra,0,0,0,1570,1570
Rosedale,0,0,0,478,478
Sale,0,0,0,1869,1869
Yarram,0,0,0,466,466
Brunswick,0,0,0,6053,6053
Brunswick East,0,0,0,2812,2812
Brunswick West,0,0,0,2878,2878
Coburg,0,0,0,4771,4771
Pascoe Vale South,0,0,0,1417,1417
Alphington - Fairfield,0,0,0,1537,1537
Northcote,0,0,0,4950,4950
Thornbury,0,0,0,3855,3855
Ascot Vale,0,0,0,2758,2758
Essendon - Aberfeldie,0,0,0,4352,4352
Flemington,0,0,0,2111,2111
Moonee Ponds,0,0,0,2410,2410
Carlton,0,0,0,3198,3198
Docklands,0,0,0,2659,2659
East Melbourne,0,0,0,1110,1110
Flemington Racecourse,0,0,0,30,30
Kensington (Vic.),0,0,0,2655,2655
Melbourne,0,0,0,8305,8305
North Melbourne,0,0,0,4416,4416
Parkville,0,0,0,1126,1126
South Yarra - West,0,0,0,1269,1269
Southbank,0,0,0,4901,4901
West Melbourne,0,0,0,0,0
Albert Park,0,0,0,2739,2739
Elwood,0,0,0,3767,3767
Port Melbourne,0,0,0,3311,3311
Port Melbourne Industrial,0,0,0,4,4
South Melbourne,0,0,0,2418,2418
St Kilda,0,0,0,6499,6499
St Kilda East,0,0,0,4058,4058
Armadale,0,0,0,1707,1707
Prahran - Windsor,0,0,0,4950,4950
South Yarra - East,0,0,0,5359,5359
Toorak,0,0,0,1850,1850
Abbotsford,0,0,0,2181,2181
Carlton North - Princes Hill,0,0,0,1848,1848
Collingwood,0,0,0,2207,2207
Fitzroy,0,0,0,2482,2482
Fitzroy North,0,0,0,2758,2758
Richmond (Vic.),0,0,0,7565,7565
Yarra - North,0,0,0,1723,1723
Ashburton (Vic.),0,0,0,967,967
Balwyn,0,0,0,1804,1804
Balwyn North,0,0,0,2096,2096
Camberwell,0,0,0,2515,2515
Glen Iris - East,0,0,0,1994,1994
Hawthorn,0,0,0,4532,4532
Hawthorn East,0,0,0,2813,2813
Kew,0,0,0,3334,3334
Kew East,0,0,0,809,809
Surrey Hills (West) - Canterbury,0,0,0,1734,1734
Bulleen,0,0,0,1313,1313
Doncaster,0,0,0,2804,2804
Templestowe,0,0,0,1838,1838
Templestowe Lower,0,0,0,1619,1619
Doncaster East (North),0,0,0,1669,1669
Doncaster East (South),0,0,0,2040,2040
Blackburn,0,0,0,2932,2932
Blackburn South,0,0,0,1365,1365
Box Hill,0,0,0,3238,3238
Box Hill North,0,0,0,2466,2466
Burwood,0,0,0,1622,1622
Burwood East,0,0,0,1319,1319
Surrey Hills (East) - Mont Albert,0,0,0,1292,1292
Beaumaris,0,0,0,1218,1218
Brighton (Vic.),0,0,0,2473,2473
Brighton East,0,0,0,1657,1657
Cheltenham - Highett (West),0,0,0,1621,1621
Hampton,0,0,0,2164,2164
Sandringham - Black Rock,0,0,0,1817,1817
Bentleigh - McKinnon,0,0,0,2903,2903
Carnegie,0,0,0,3404,3404
Caulfield - North,0,0,0,3234,3234
Caulfield - South,0,0,0,2368,2368
Elsternwick,0,0,0,1910,1910
Hughesdale,0,0,0,1251,1251
Murrumbeena,0,0,0,1524,1524
Ormond - Glen Huntly,0,0,0,2390,2390
Bentleigh East (North),0,0,0,2058,2058
Bentleigh East (South),0,0,0,1844,1844
Aspendale Gardens - Waterways,0,0,0,1113,1113
Braeside,0,0,0,0,0
Carrum - Patterson Lakes,0,0,0,1532,1532
Chelsea - Bonbeach,0,0,0,2356,2356
Chelsea Heights,0,0,0,728,728
Cheltenham - Highett (East),0,0,0,3361,3361
Edithvale - Aspendale,0,0,0,1820,1820
Mentone,0,0,0,1902,1902
Moorabbin - Heatherton,0,0,0,1282,1282
Moorabbin Airport,0,0,0,0,0
Mordialloc - Parkdale,0,0,0,2828,2828
Malvern - Glen Iris,0,0,0,3171,3171
Malvern East,0,0,0,2857,2857
Bundoora - East,0,0,0,1302,1302
Greensborough,0,0,0,2782,2782
Heidelberg - Rosanna,0,0,0,2235,2235
Heidelberg West,0,0,0,2297,2297
Ivanhoe,0,0,0,1651,1651
Ivanhoe East - Eaglemont,0,0,0,797,797
Montmorency - Briar Hill,0,0,0,2224,2224
Viewbank - Yallambie,0,0,0,2509,2509
Watsonia,0,0,0,1359,1359
Kingsbury,0,0,0,1601,1601
Reservoir - East,0,0,0,4644,4644
Reservoir - West,0,0,0,3827,3827
Preston - East,0,0,0,3753,3753
Preston - West,0,0,0,2107,2107
Eltham,0,0,0,2644,2644
Hurstbridge,0,0,0,430,430
Kinglake,0,0,0,493,493
Panton Hill - St Andrews,0,0,0,476,476
Plenty - Yarrambat,0,0,0,1098,1098
Research - North Warrandyte,0,0,0,699,699
Wattle Glen - Diamond Creek,0,0,0,1719,1719
Bundoora - North,0,0,0,1173,1173
Bundoora - West,0,0,0,839,839
Lalor,0,0,0,3378,3378
Mill Park - North,0,0,0,2354,2354
Mill Park - South,0,0,0,1656,1656
Thomastown,0,0,0,2779,2779
Wallan,0,0,0,2472,2472
Whittlesea,0,0,0,979,979
Doreen,0,0,0,3917,3917
Epping - East,0,0,0,1954,1954
Epping - South,0,0,0,1294,1294
Epping - West,0,0,0,2259,2259
Mernda,0,0,0,3405,3405
South Morang (North),0,0,0,2182,2182
South Morang (South),0,0,0,1813,1813
Wollert,0,0,0,2025,2025
Airport West,0,0,0,1206,1206
Essendon Airport,0,0,0,0,0
Keilor,0,0,0,941,941
Keilor East,0,0,0,3329,3329
Niddrie - Essendon West,0,0,0,1000,1000
Strathmore,0,0,0,1126,1126
Gisborne,0,0,0,1615,1615
Macedon,0,0,0,357,357
Riddells Creek,0,0,0,471,471
Romsey,0,0,0,1077,1077
Coburg North,0,0,0,1291,1291
Fawkner,0,0,0,1944,1944
Pascoe Vale,0,0,0,4157,4157
Glenroy,0,0,0,3750,3750
Gowanbrae,0,0,0,478,478
Hadfield,0,0,0,783,783
Sunbury,0,0,0,1596,1596
Sunbury - South,0,0,0,3779,3779
Broadmeadows,0,0,0,1909,1909
Campbellfield - Coolaroo,0,0,0,2061,2061
Gladstone Park - Westmeadows,0,0,0,2265,2265
Greenvale - Bulla,0,0,0,2192,2192
Meadow Heights,0,0,0,2048,2048
Melbourne Airport,0,0,0,24,24
Roxburgh Park - Somerton,0,0,0,3167,3167
Tullamarine,0,0,0,1034,1034
Craigieburn - Central,0,0,0,1255,1255
Craigieburn - North,0,0,0,2108,2108
Craigieburn - South,0,0,0,2687,2687
Craigieburn - West,0,0,0,3057,3057
Mickleham - Yuroke,0,0,0,607,607
Bayswater,0,0,0,1869,1869
Knoxfield - Scoresby,0,0,0,2085,2085
Lysterfield,0,0,0,757,757
Rowville - Central,0,0,0,2048,2048
Rowville - North,0,0,0,1043,1043
Rowville - South,0,0,0,1327,1327
Wantirna,0,0,0,1834,1834
Wantirna South,0,0,0,2083,2083
Boronia,0,0,0,3331,3331
Ferntree Gully (North),0,0,0,1973,1973
Ferntree Gully (South) - Upper Ferntree Gully,0,0,0,2038,2038
The Basin,0,0,0,589,589
Donvale - Park Orchards,0,0,0,1704,1704
Warrandyte - Wonga Park,0,0,0,928,928
Bayswater North,0,0,0,1718,1718
Croydon Hills - Warranwood,0,0,0,2129,2129
Ringwood,0,0,0,2842,2842
Ringwood East,0,0,0,2918,2918
Ringwood North,0,0,0,1159,1159
Croydon - East,0,0,0,2511,2511
Croydon - West,0,0,0,1812,1812
Croydon South,0,0,0,723,723
Forest Hill,0,0,0,1503,1503
Mitcham (Vic.),0,0,0,2626,2626
Nunawading,0,0,0,1836,1836
Vermont,0,0,0,1439,1439
Vermont South,0,0,0,1248,1248
Belgrave - Selby,0,0,0,1290,1290
Chirnside Park,0,0,0,1235,1235
Healesville - Yarra Glen,0,0,0,1646,1646
Kilsyth,0,0,0,1289,1289
Lilydale - Coldstream,0,0,0,2507,2507
Monbulk - Silvan,0,0,0,648,648
Montrose,0,0,0,842,842
Mooroolbark,0,0,0,3140,3140
Mount Dandenong - Olinda,0,0,0,1144,1144
Mount Evelyn,0,0,0,1284,1284
Upwey - Tecoma,0,0,0,1289,1289
Wandin - Seville,0,0,0,968,968
Yarra Valley,0,0,0,1892,1892
Beaconsfield - Officer,0,0,0,2042,2042
Bunyip - Garfield,0,0,0,927,927
Emerald - Cockatoo,0,0,0,2177,2177
Koo Wee Rup,0,0,0,942,942
Pakenham - North,0,0,0,3240,3240
Pakenham - South,0,0,0,4671,4671
Berwick - North,0,0,0,2715,2715
Berwick - South,0,0,0,4157,4157
Doveton,0,0,0,1592,1592
Hallam,0,0,0,1500,1500
Narre Warren North,0,0,0,756,756
Endeavour Hills - North,0,0,0,1579,1579
Endeavour Hills - South,0,0,0,1758,1758
Narre Warren - North East,0,0,0,1805,1805
Narre Warren - South West,0,0,0,2125,2125
Cranbourne,0,0,0,2894,2894
Cranbourne East,0,0,0,5130,5130
Cranbourne North,0,0,0,3463,3463
Cranbourne South,0,0,0,1184,1184
Cranbourne West,0,0,0,2952,2952
Hampton Park - Lynbrook,0,0,0,3713,3713
Lynbrook - Lyndhurst,0,0,0,2815,2815
Pearcedale - Tooradin,0,0,0,967,967
Narre Warren South (East),0,0,0,1764,1764
Narre Warren South (West),0,0,0,2576,2576
Clarinda - Oakleigh South,0,0,0,1447,1447
Clayton South,0,0,0,2123,2123
Dandenong,0,0,0,4677,4677
Dandenong North,0,0,0,2998,2998
Dingley Village,0,0,0,1147,1147
Keysborough,0,0,0,4015,4015
Noble Park North,0,0,0,1036,1036
Springvale,0,0,0,3202,3202
Springvale South,0,0,0,1821,1821
Noble Park - East,0,0,0,2199,2199
Noble Park - West,0,0,0,2903,2903
Ashwood - Chadstone,0,0,0,3079,3079
Clayton,0,0,0,3472,3472
Glen Waverley - East,0,0,0,2431,2431
Glen Waverley - West,0,0,0,2580,2580
Mount Waverley - North,0,0,0,1819,1819
Mount Waverley - South,0,0,0,2422,2422
Mulgrave,0,0,0,2796,2796
Oakleigh - Huntingdale,0,0,0,3320,3320
Wheelers Hill,0,0,0,2123,2123
Ardeer - Albion,0,0,0,1334,1334
Cairnlea,0,0,0,1500,1500
Deer Park - Derrimut,0,0,0,4671,4671
Delahey,0,0,0,1145,1145
Keilor Downs,0,0,0,1687,1687
Kings Park (Vic.),0,0,0,1931,1931
St Albans - North,0,0,0,3007,3007
St Albans - South,0,0,0,2407,2407
Sunshine,0,0,0,1619,1619
Sunshine North,0,0,0,1697,1697
Sunshine West,0,0,0,2680,2680
Sydenham,0,0,0,1908,1908
Taylors Lakes,0,0,0,1901,1901
Altona,0,0,0,1860,1860
Altona Meadows,0,0,0,2884,2884
Altona North,0,0,0,2120,2120
Newport,0,0,0,3120,3120
Seabrook,0,0,0,790,790
Williamstown,0,0,0,1835,1835
Braybrook,0,0,0,3267,3267
Footscray,0,0,0,3480,3480
Maribyrnong,0,0,0,2332,2332
Seddon - Kingsville,0,0,0,1976,1976
West Footscray - Tottenham,0,0,0,2224,2224
Yarraville,0,0,0,2925,2925
Bacchus Marsh,0,0,0,2753,2753
Hillside,0,0,0,3552,3552
Melton,0,0,0,2694,2694
Melton South,0,0,0,3756,3756
Melton West,0,0,0,2886,2886
Rockbank - Mount Cottrell,0,0,0,455,455
Taylors Hill,0,0,0,3542,3542
Burnside,0,0,0,650,650
Burnside Heights,0,0,0,1171,1171
Caroline Springs,0,0,0,3453,3453
Hoppers Crossing - North,0,0,0,2611,2611
Hoppers Crossing - South,0,0,0,2771,2771
Laverton,0,0,0,1796,1796
Tarneit,0,0,0,7185,7185
Truganina,0,0,0,5010,5010
Werribee - South,0,0,0,1550,1550
Wyndham Vale,0,0,0,4386,4386
Point Cook - East,0,0,0,2276,2276
Point Cook - North,0,0,0,4361,4361
Point Cook - South,0,0,0,3318,3318
Werribee - East,0,0,0,2912,2912
Werribee - West,0,0,0,1711,1711
Carrum Downs,0,0,0,3188,3188
Frankston,0,0,0,3236,3236
Frankston North,0,0,0,2712,2712
Frankston South,0,0,0,1998,1998
Langwarrin,0,0,0,3239,3239
Seaford (Vic.),0,0,0,2518,2518
Skye - Sandhurst,0,0,0,2047,2047
Dromana,0,0,0,1094,1094
Flinders,0,0,0,389,389
Hastings - Somers,0,0,0,2627,2627
Mornington,0,0,0,2674,2674
Mount Eliza,0,0,0,1719,1719
Mount Martha,0,0,0,2004,2004
Point Nepean,0,0,0,1707,1707
Rosebud - McCrae,0,0,0,2032,2032
Somerville,0,0,0,2249,2249
Ararat,0,0,0,792,792
Ararat Region,0,0,0,312,312
Horsham,0,0,0,1987,1987
Horsham Region,0,0,0,351,351
Nhill Region,0,0,0,612,612
St Arnaud,0,0,0,297,297
Stawell,0,0,0,850,850
West Wimmera,0,0,0,248,248
Yarriambiack,0,0,0,567,567
Irymple,0,0,0,738,738
Merbein,0,0,0,490,491
Mildura Region,0,0,0,354,354
Red Cliffs,0,0,0,665,665
Mildura - North,0,0,0,2388,2388
Mildura - South,0,0,0,1871,1871
Buloke,0,0,0,530,530
Gannawarra,0,0,0,583,583
Kerang,0,0,0,362,362
Robinvale,0,0,0,429,429
Swan Hill,0,0,0,1347,1347
Swan Hill Region,0,0,0,626,626
Echuca,0,0,0,1673,1673
Kyabram,0,0,0,1174,1174
Lockington - Gunbower,0,0,0,385,385
Rochester,0,0,0,361,361
Rushworth,0,0,0,328,328
Cobram,0,0,0,645,645
Moira,0,0,0,241,241
Numurkah,0,0,0,1246,1246
Yarrawonga,0,0,0,749,749
Mooroopna,0,0,0,979,979
Shepparton - North,0,0,0,2490,2490
Shepparton - South,0,0,0,2934,2934
Shepparton Region - East,0,0,0,392,392
Shepparton Region - West,0,0,0,1115,1115
Glenelg (Vic.),0,0,0,800,800
Hamilton (Vic.),0,0,0,1028,1028
Portland,0,0,0,1191,1191
Southern Grampians,0,0,0,584,584
Camperdown,0,0,0,341,341
Colac,0,0,0,1307,1307
Colac Region,0,0,0,535,535
Corangamite - North,0,0,0,490,490
Corangamite - South,0,0,0,691,691
Otway,0,0,0,334,334
Moyne - East,0,0,0,688,688
Moyne - West,0,0,0,1022,1022
Warrnambool - North,0,0,0,2622,2622
Warrnambool - South,0,0,0,1557,1557
Migratory - Offshore - Shipping (Vic.),0,0,0,0,0
No Usual Address (Vic.),0,0,0,1271,1271
Alexandra Hills,0,0,0,2279,2279
Belmont - Gumdale,0,0,0,883,883
Birkdale,0,0,0,1812,1812
Capalaba,0,0,0,2344,2344
Thorneside,0,0,0,523,523
Wellington Point,0,0,0,1314,1314
Cleveland,0,0,0,1464,1464
Ormiston,0,0,0,579,579
Redland Bay,0,0,0,2034,2034
Sheldon - Mount Cotton,0,0,0,1255,1255
Thornlands,0,0,0,1799,1799
Victoria Point,0,0,0,1558,1558
Redland Islands,0,0,0,677,677
Brisbane Port - Lytton,0,0,0,0,0
Manly - Lota,0,0,0,871,871
Manly West,0,0,0,1579,1579
Murarrie,0,0,0,686,686
Tingalpa,0,0,0,1341,1341
Wakerley,0,0,0,1525,1525
Wynnum,0,0,0,1765,1765
Wynnum West - Hemmant,0,0,0,2208,2208
Bald Hills,0,0,0,1162,1165
Bridgeman Downs,0,0,0,858,858
Carseldine,0,0,0,1224,1224
Everton Park,0,0,0,1497,1497
McDowall,0,0,0,995,995
Aspley,0,0,0,1535,1535
Chermside,0,0,0,1657,1657
Chermside West,0,0,0,864,864
Geebung,0,0,0,650,650
Kedron - Gordon Park,0,0,0,2521,2521
Stafford,0,0,0,1211,1211
Stafford Heights,0,0,0,941,941
Wavell Heights,0,0,0,1641,1641
Boondall,0,0,0,1271,1271
Brisbane Airport,0,0,0,23,23
Eagle Farm - Pinkenba,0,0,0,151,151
Northgate - Virginia,0,0,0,1190,1190
Nudgee - Banyo,0,0,0,1547,1547
Nundah,0,0,0,2588,2588
Bracken Ridge,0,0,0,2473,2473
Brighton (Qld),0,0,0,1306,1306
Deagon,0,0,0,526,526
Sandgate - Shorncliffe,0,0,0,739,739
Taigum - Fitzgibbon,0,0,0,2171,2171
Zillmere,0,0,0,1537,1537
Camp Hill,0,0,0,1843,1843
Cannon Hill,0,0,0,1062,1062
Carina,0,0,0,1871,1871
Carina Heights,0,0,0,1174,1174
Carindale,0,0,0,1687,1687
Annerley,0,0,0,2292,2292
Coorparoo,0,0,0,3045,3045
Fairfield - Dutton Park,0,0,0,844,844
Greenslopes,0,0,0,1907,1907
Holland Park,0,0,0,1361,1361
Holland Park West,0,0,0,1074,1074
Woolloongabba,0,0,0,1076,1076
Yeronga,0,0,0,1467,1467
Eight Mile Plains,0,0,0,2559,2559
Macgregor (Qld),0,0,0,874,874
Mansfield (Qld),0,0,0,1144,1145
Mount Gravatt,0,0,0,2489,2489
Rochedale - Burbank,0,0,0,968,968
Upper Mount Gravatt,0,0,0,1466,1466
Wishart,0,0,0,1490,1490
Coopers Plains,0,0,0,927,927
Moorooka,0,0,0,1791,1791
Robertson,0,0,0,764,764
Salisbury - Nathan,0,0,0,1134,1134
Tarragindi,0,0,0,1579,1579
Algester,0,0,0,1339,1339
Calamvale - Stretton,0,0,0,3802,3802
Pallara - Willawong,0,0,0,783,783
Parkinson - Drewvale,0,0,0,2529,2529
Rocklea - Acacia Ridge,0,0,0,1384,1385
Kuraby,0,0,0,1209,1209
Runcorn,0,0,0,2596,2596
Sunnybank,0,0,0,1429,1429
Sunnybank Hills,0,0,0,2809,2809
Jindalee - Mount Ommaney,0,0,0,953,953
Middle Park - Jamboree Heights,0,0,0,983,983
Riverhills,0,0,0,677,677
Seventeen Mile Rocks - Sinnamon Park,0,0,0,1293,1293
Westlake,0,0,0,456,456
Bellbowrie - Moggill,0,0,0,1370,1370
Brookfield - Kenmore Hills,0,0,0,549,549
Chapel Hill,0,0,0,1239,1239
Fig Tree Pocket,0,0,0,426,426
Kenmore,0,0,0,1087,1087
Pinjarra Hills - Pullenvale,0,0,0,524,524
Chelmer - Graceville,0,0,0,957,957
Corinda,0,0,0,646,646
Indooroopilly,0,0,0,1837,1837
Sherwood,0,0,0,870,870
St Lucia,0,0,0,1491,1491
Taringa,0,0,0,1534,1534
Enoggera,0,0,0,1395,1395
Enoggera Reservoir,0,0,0,7,7
Keperra,0,0,0,1023,1023
Mitchelton,0,0,0,1421,1421
Mount Coot-tha,0,0,0,0,0
The Gap,0,0,0,1978,1978
Upper Kedron - Ferny Grove,0,0,0,1439,1439
Brisbane City,0,0,0,2090,2090
Fortitude Valley,0,0,0,1853,1853
Highgate Hill,0,0,0,1111,1111
Kangaroo Point,0,0,0,1663,1663
New Farm,0,0,0,2644,2644
South Brisbane,0,0,0,1568,1568
Spring Hill,0,0,0,1393,1393
West End,0,0,0,1912,1912
Balmoral,0,0,0,722,722
Bulimba,0,0,0,1197,1197
East Brisbane,0,0,0,1134,1134
Hawthorne,0,0,0,851,851
Morningside - Seven Hills,0,0,0,2750,2750
Norman Park,0,0,0,1130,1130
Albion,0,0,0,594,594
Alderley,0,0,0,1059,1059
Ascot,0,0,0,745,745
Clayfield,0,0,0,1871,1871
Grange,0,0,0,648,648
Hamilton (Qld),0,0,0,1130,1130
Hendra,0,0,0,618,618
Kelvin Grove - Herston,0,0,0,1824,1824
Newmarket,0,0,0,823,823
Newstead - Bowen Hills,0,0,0,2700,2700
Wilston,0,0,0,608,608
Windsor,0,0,0,1405,1405
Wooloowin - Lutwyche,0,0,0,1789,1789
Ashgrove,0,0,0,1802,1802
Auchenflower,0,0,0,1004,1004
Bardon,0,0,0,1362,1362
Paddington - Milton,0,0,0,2097,2097
Red Hill (Qld),0,0,0,1129,1129
Toowong,0,0,0,2004,2004
Brinsmead,0,0,0,785,785
Clifton Beach - Kewarra Beach,0,0,0,1471,1471
Freshwater - Stratford,0,0,0,520,520
Redlynch,0,0,0,1855,1855
Trinity Beach - Smithfield,0,0,0,2202,2202
Yorkeys Knob - Machans Beach,0,0,0,841,847
Bentley Park,0,0,0,1316,1316
Cairns City,0,4,17,2133,2153
Earlville - Bayview Heights,0,0,0,1072,1068
Edmonton,0,0,4,1622,1624
Gordonvale - Trinity,0,0,0,1117,1118
Kanimbla - Mooroobool,0,0,0,1429,1428
Lamb Range,0,0,0,0,0
Manoora,0,0,0,1039,1038
Manunda,0,0,0,823,825
Mount Sheridan,0,0,5,1222,1222
Westcourt - Bungalow,0,0,0,1007,1005
White Rock,0,0,0,702,708
Whitfield - Edge Hill,0,0,0,1091,1091
Woree,0,0,0,687,687
Babinda,0,0,0,440,440
Innisfail,0,0,0,1079,1079
Johnstone,0,0,0,875,875
Tully,0,6,12,1139,1151
Wooroonooran,0,0,0,0,0
Yarrabah,11,70,203,19,305
Daintree,0,0,17,755,777
Port Douglas,0,0,0,827,827
Atherton,0,0,0,1161,1161
Herberton,0,0,0,500,500
Kuranda,11,0,20,467,492
Malanda - Yungaburra,0,0,0,787,787
Mareeba,0,0,0,1310,1310
Balonne,0,0,0,548,548
Chinchilla,0,0,0,1113,1113
Goondiwindi,0,0,0,862,866
Inglewood - Waggamba,0,0,0,467,467
Miles - Wandoan,0,0,0,504,504
Roma,0,0,0,1081,1081
Roma Region,0,0,0,668,668
Tara,0,0,0,423,423
Crows Nest - Rosalie,0,0,0,841,841
Jondaryan,0,0,0,834,834
Millmerran,0,0,0,352,352
Pittsworth,0,0,0,585,585
Wambo,0,0,0,2093,2093
Clifton - Greenmount,0,0,0,531,531
Southern Downs - East,0,0,0,401,401
Southern Downs - West,0,0,0,407,407
Stanthorpe,0,0,0,575,575
Stanthorpe Region,0,0,0,553,553
Warwick,0,0,0,1646,1646
Central Highlands - East,4,28,73,1004,1113
Central Highlands - West,0,0,0,1039,1039
Emerald,0,0,0,2183,2183
Berserker,0,0,0,892,892
Bouldercombe,0,0,0,214,214
Emu Park,0,0,0,573,573
Frenchville - Mount Archer,0,0,0,1146,1146
Glenlee - Rockyview,0,0,0,515,515
Gracemere,0,0,0,1775,1775
Lakes Creek,0,0,0,660,660
Mount Morgan,0,0,0,273,273
Norman Gardens,0,0,0,1435,1435
Park Avenue,0,0,0,658,658
Parkhurst - Kawana,0,0,0,947,947
Rockhampton - West,0,0,0,763,763
Rockhampton City,0,0,0,374,374
Rockhampton Region - East,0,0,0,338,338
Rockhampton Region - North,0,0,0,439,439
Rockhampton Region - West,0,0,0,328,328
Shoalwater Bay,0,0,0,0,0
The Range - Allenstown,0,0,0,927,927
Yeppoon,0,0,0,2139,2139
Banana,0,0,0,1042,1042
Biloela,0,0,0,819,819
Agnes Water - Miriam Vale,0,0,0,564,564
Boyne Island - Tannum Sands,0,0,0,1420,1420
Callemondah,0,0,0,0,0
Clinton - New Auckland,0,0,0,2214,2214
Gladstone,0,0,0,833,833
Gladstone Hinterland,0,0,0,1589,1589
Kin Kora - Sun Valley,0,0,0,538,538
South Trees,0,0,0,0,0
Telina - Toolooa,0,0,0,993,993
West Gladstone,0,0,0,638,638
Broadbeach Waters,0,0,0,985,985
Burleigh Heads,0,0,0,1351,1351
Burleigh Waters,0,0,0,1891,1891
Mermaid Beach - Broadbeach,0,0,0,2166,2166
Mermaid Waters,0,0,0,1705,1705
Miami,0,0,0,1285,1285
Coolangatta,0,0,0,758,758
Currumbin - Tugun,0,0,0,1609,1609
Currumbin Waters,0,0,0,1047,1047
Elanora,0,0,0,1408,1408
Palm Beach,0,0,0,2233,2233
Arundel,0,0,0,1301,1301
Biggera Waters,0,0,0,1299,1299
Coombabah,0,0,0,1214,1214
Labrador,0,0,0,2596,2596
Paradise Point - Hollywell,0,0,0,1008,1008
Runaway Bay,0,0,0,885,885
Guanaba - Springbrook,0,0,0,583,583
Tamborine - Canungra,0,0,0,1523,1523
Currumbin Valley - Tallebudgera,0,0,0,783,783
Mudgeeraba - Bonogin,0,0,0,2478,2478
Reedy Creek - Andrews,0,0,0,1231,1231
Carrara,0,0,0,1613,1613
Highland Park,0,0,0,1115,1115
Nerang - Mount Nathan,0,0,0,2843,2843
Pacific Pines - Gaven,0,0,0,2994,2994
Worongary - Tallai,0,0,0,878,878
Coomera,0,0,0,2297,2297
Helensvale,0,0,0,2077,2077
Hope Island,0,0,0,1238,1238
Jacobs Well - Alberton,0,0,0,412,412
Ormeau - Yatala,0,0,0,3119,3119
Oxenford - Maudsland,0,0,0,2404,2404
Pimpama,0,0,0,1718,1718
Upper Coomera - Willow Vale,0,0,0,5277,5277
Clear Island Waters,0,0,0,394,394
Merrimac,0,0,0,1070,1070
Robina,0,0,0,3074,3074
Varsity Lakes,0,0,0,2480,2480
Ashmore,0,0,0,1506,1506
Molendinar,0,0,0,881,881
Parkwood,0,0,0,1048,1048
Southport - North,0,0,0,2317,2317
Southport - South,0,0,0,2418,2418
Benowa,0,0,0,958,958
Bundall,0,0,0,559,559
Main Beach,0,0,0,485,485
Surfers Paradise,0,0,0,3937,3937
Darra - Sumner,0,0,0,828,828
Durack,0,0,0,1164,1164
Forest Lake - Doolandella,0,0,0,4372,4372
Inala - Richlands,0,0,0,2560,2560
Oxley (Qld),0,0,0,1321,1321
Wacol,0,0,0,613,613
Boonah,0,0,0,1306,1306
Esk,0,0,0,455,455
Lake Manchester - England Creek,0,0,0,0,0
Lockyer Valley - East,0,0,0,2300,2300
Lowood,0,0,0,1706,1706
Rosewood,0,0,0,1302,1302
Brassall,0,0,0,1562,1562
Bundamba,0,0,0,1233,1233
Churchill - Yamanto,0,0,0,1011,1011
Ipswich - Central,0,0,0,810,810
Ipswich - East,0,0,0,2382,2382
Ipswich - North,0,0,0,587,587
Karalee - Barellan Point,0,0,0,703,703
Karana Downs,0,0,0,798,798
Leichhardt - One Mile,0,0,0,1102,1102
North Ipswich - Tivoli,0,0,0,852,852
Raceview,0,0,0,2219,2219
Ripley,0,0,0,809,809
Riverview,0,0,0,365,365
Bellbird Park - Brookwater,0,0,0,2423,2423
Camira - Gailes,0,0,0,1230,1230
Carole Park,0,0,0,0,0
Collingwood Park - Redbank,0,0,0,1241,1241
Goodna,0,0,0,1648,1648
New Chum,0,0,0,0,0
Redbank Plains,0,0,0,3130,3130
Springfield,0,0,0,1126,1126
Springfield Lakes,0,0,0,3201,3201
Beaudesert,0,0,0,1566,1566
Beenleigh,0,0,0,1105,1105
Eagleby,0,0,0,1702,1702
Edens Landing - Holmview,0,0,0,1215,1215
Mount Warren Park,0,0,0,781,781
Wolffdene - Bahrs Scrub,0,0,0,809,809
Boronia Heights - Park Ridge,0,0,0,1584,1584
Browns Plains,0,0,0,1160,1160
Chambers Flat - Logan Reserve,0,0,0,644,644
Crestmead,0,0,0,1836,1836
Greenbank Military Camp,0,0,0,0,0
Hillcrest,0,0,0,1137,1137
Marsden,0,0,0,2211,2211
Munruben - Park Ridge South,0,0,0,511,511
Regents Park - Heritage Park,0,0,0,2343,2343
Greenbank,0,0,0,1756,1756
Jimboomba,0,0,0,3741,3741
Logan Village,0,0,0,829,829
Bethania - Waterford,0,0,0,1549,1549
Cornubia - Carbrook,0,0,0,1040,1040
Loganholme - Tanah Merah,0,0,0,1737,1737
Loganlea,0,0,0,1527,1527
Shailer Park,0,0,0,1597,1597
Waterford West,0,0,0,1001,1001
Daisy Hill,0,0,0,980,980
Kingston (Qld.),0,0,0,1346,1346
Logan Central,0,0,0,777,777
Rochedale South - Priestdale,0,0,0,2389,2389
Slacks Creek,0,0,0,1499,1499
Springwood,0,0,0,1345,1345
Underwood,0,0,0,1094,1094
Woodridge,0,0,0,1764,1764
Bowen,0,0,0,1142,1142
Broadsound - Nebo,0,0,0,1244,1244
Clermont,0,0,0,546,546
Collinsville,0,0,0,398,398
Moranbah,0,0,0,1592,1592
Andergrove - Beaconsfield,0,0,0,2119,2119
East Mackay,0,0,0,452,452
Eimeo - Rural View,0,0,0,1999,1999
Eungella Hinterland,0,0,0,0,0
Mackay,0,0,0,558,558
Mackay Harbour,0,0,0,68,68
Mount Pleasant - Glenella,0,0,0,1356,1356
North Mackay,0,0,0,767,767
Ooralea - Bakers Creek,0,0,0,705,705
Pioneer Valley,0,0,0,1147,1147
Sarina,0,0,0,1420,1420
Seaforth - Calen,0,0,0,825,825
Shoal Point - Bucasia,0,0,0,863,863
Slade Point,0,0,0,425,425
South Mackay,0,0,0,900,900
Walkerston - Eton,0,0,0,1015,1015
West Mackay,0,0,0,777,777
Airlie - Whitsundays,0,0,0,2284,2284
Cape Conway,0,0,0,0,0
Proserpine,0,0,0,943,943
Beachmere - Sandstone Point,0,0,0,1470,1470
Bribie Island,0,0,0,1238,1238
Burpengary - East,0,0,0,467,467
Caboolture,0,0,0,3667,3667
Caboolture - South,0,0,0,3025,3025
Elimbah,0,0,0,496,496
Morayfield - East,0,0,0,1201,1201
Wamuran,0,0,0,471,471
Kilcoy,0,0,0,578,578
Woodford - D'Aguilar,0,0,0,810,810
Burpengary,0,0,0,1781,1781
Deception Bay,0,0,0,2738,2738
Morayfield,0,0,0,474,474
Narangba,0,0,0,2829,2829
Upper Caboolture,0,0,0,334,334
Clontarf,0,0,0,1031,1031
Margate - Woody Point,0,0,0,1468,1469
Redcliffe,0,0,0,1114,1114
Rothwell - Kippa-Ring,0,0,0,2086,2086
Scarborough - Newport - Moreton Island,0,0,0,1243,1243
Albany Creek,0,0,0,1876,1876
Cashmere,0,0,0,2882,2882
Dayboro,0,0,0,1031,1031
Eatons Hill,0,0,0,1070,1070
The Hills District,0,0,0,3472,3472
Samford Valley,0,0,0,1232,1232
Dakabin - Kallangur,0,0,0,3730,3730
Murrumba Downs - Griffin,0,0,0,2906,2906
North Lakes - Mango Hill,0,0,0,5309,5309
Bray Park,0,0,0,1496,1496
Lawnton,0,0,0,863,863
Petrie,0,0,0,1257,1257
Strathpine - Brendale,0,0,0,1783,1783
Aurukun,39,36,90,16,182
Cape York,52,125,226,536,936
Croydon - Etheridge,0,0,0,139,139
Kowanyama - Pormpuraaw,18,67,157,39,274
Northern Peninsula,13,135,140,107,392
Tablelands,0,0,0,487,487
Torres,8,78,75,445,605
Torres Strait Islands,52,206,287,39,587
Weipa,0,0,0,667,674
Carpentaria,29,114,179,367,690
Mount Isa,0,0,5,2963,2972
Mount Isa Region,3,9,13,424,441
Northern Highlands,0,0,0,381,381
Barcaldine - Blackall,0,0,0,581,581
Charleville,0,0,0,546,546
Far Central West,0,0,0,257,256
Far South West,0,0,0,329,329
Longreach,0,0,0,479,479
Buderim - North,0,0,0,1755,1755
Buderim - South,0,0,0,1876,1876
Mountain Creek,0,0,0,1750,1750
Sippy Downs,0,0,0,1346,1346
Aroona - Currimundi,0,0,0,1176,1176
Buddina - Minyama,0,0,0,715,715
Caloundra - Kings Beach,0,0,0,669,669
Caloundra - West,0,0,0,2759,2759
Golden Beach - Pelican Waters,0,0,0,1056,1056
Moffat Beach - Battery Hill,0,0,0,881,881
Parrearra - Warana,0,0,0,1159,1159
Wurtulla - Birtinya,0,0,0,1038,1038
Coolum Beach,0,0,0,2006,2006
Marcoola - Mudjimba,0,0,0,1252,1252
Maroochydore - Kuluin,0,0,0,2500,2500
Mooloolaba - Alexandra Headland,0,0,0,1564,1564
Noosa Heads,0,0,0,417,417
Noosaville,0,0,0,807,807
Sunshine Beach,0,0,0,775,775
Tewantin,0,0,0,982,982
Peregian Beach - Marcus Beach,0,0,0,412,412
Peregian Springs,0,0,0,1104,1104
Beerwah,0,0,0,1024,1024
Caloundra Hinterland,0,0,0,686,686
Glass House Mountains,0,0,0,683,683
Landsborough,0,0,0,1249,1249
Maroochy Hinterland,0,0,0,532,532
Palmwoods,0,0,0,1169,1169
Bli Bli,0,0,0,1128,1128
Diddillibah - Rosemount,0,0,0,394,394
Eumundi - Yandina,0,0,0,1176,1176
Nambour,0,0,0,2509,2509
Noosa Hinterland,0,0,0,2171,2171
Cambooya - Wyreema,0,0,0,928,928
Darling Heights,0,0,0,1988,1988
Drayton - Harristown,0,0,0,1294,1294
Gatton,0,0,0,1070,1070
Gowrie (Qld),0,0,0,872,872
Highfields,0,0,0,1505,1505
Lockyer Valley - West,0,0,0,1307,1307
Middle Ridge,0,0,0,785,785
Newtown (Qld),0,0,0,1319,1319
North Toowoomba - Harlaxton,0,0,0,748,748
Rangeville,0,0,0,988,988
Toowoomba - Central,0,0,0,1784,1784
Toowoomba - East,0,0,0,1181,1181
Toowoomba - West,0,0,0,1763,1763
Wilsonton,0,0,0,1589,1589
Ayr,0,0,0,998,998
Burdekin,0,0,0,779,779
Charters Towers,0,0,0,935,935
Dalrymple,0,0,0,430,430
Ingham,0,0,0,397,397
Ingham Region,0,0,0,547,547
Palm Island,38,82,158,39,315
Aitkenvale,0,0,0,664,664
Annandale,0,0,0,1059,1060
Belgian Gardens - Pallarenda,0,0,0,380,380
Bohle Plains,0,0,0,1185,1185
Condon - Rasmussen,0,0,5,1414,1418
Cranbrook,0,0,3,730,733
Deeragun,0,0,0,3969,3969
Douglas,0,0,0,1070,1070
Garbutt - West End,0,0,0,942,942
Gulliver - Currajong - Vincent,0,0,0,1093,1093
Heatley,0,0,0,544,544
Hermit Park - Rosslea,0,0,0,805,805
Hyde Park - Pimlico,0,0,0,642,642
Kelso,0,0,0,1504,1504
Kirwan - East,0,0,3,985,988
Kirwan - West,0,0,0,2283,2283
Magnetic Island,0,0,0,218,217
Mount Louisa,0,0,0,1533,1533
Mundingburra,0,0,0,397,397
Northern Beaches,0,0,0,732,732
Oonoonba,0,0,0,1076,1076
South Townsville - Railway Estate,0,0,0,772,772
Townsville - South,0,0,0,487,487
Townsville City - North Ward,0,0,6,1384,1388
Wulguru - Roseneath,0,0,0,763,763
Ashfield - Kepnock,0,0,0,612,612
Bargara - Burnett Heads,0,0,0,1729,1729
Branyan - Kensington,0,0,0,555,555
Bundaberg,0,0,0,815,814
Bundaberg East - Kalkie,0,0,0,718,718
Bundaberg North - Gooburrum,0,0,0,683,683
Bundaberg Region - North,0,0,0,868,868
Bundaberg Region - South,0,0,0,834,834
Millbank - Avoca,0,0,0,792,792
Svensson Heights - Norville,0,0,0,643,643
Walkervale - Avenell Heights,0,0,0,1273,1273
Gayndah - Mundubbera,0,0,0,705,705
Gin Gin,0,0,0,451,451
Kingaroy,0,0,0,1301,1301
Kingaroy Region - North,0,35,125,779,934
Kingaroy Region - South,0,0,0,419,419
Monto - Eidsvold,0,0,0,375,375
Nanango,0,0,0,835,835
North Burnett,0,0,0,0,0
Cooloola,0,0,0,444,444
Gympie - North,0,0,0,1666,1666
Gympie - South,0,0,0,751,751
Gympie Region,0,0,0,1870,1870
Kilkivan,0,0,0,356,356
Booral - River Heads,0,0,0,489,489
Craignish - Dundowran Beach,0,0,0,482,482
Pialba - Eli Waters,0,0,0,1408,1408
Point Vernon,0,0,0,562,562
Torquay - Scarness - Kawungan,0,0,0,1485,1485
Urangan - Wondunna,0,0,0,1335,1335
Burrum - Fraser,0,0,0,882,882
Granville,0,0,0,314,318
Maryborough (Qld),0,0,0,1821,1821
Maryborough Region - South,0,0,0,680,680
Tinana,0,0,0,604,604
Migratory - Offshore - Shipping (Qld),0,0,0,12,12
No Usual Address (Qld),0,0,0,1518,1518
Adelaide,0,0,5,2553,2560
North Adelaide,0,0,0,923,923
Adelaide Hills,0,0,0,640,640
Aldgate - Stirling,0,0,0,1889,1889
Hahndorf - Echunga,0,0,0,429,429
Lobethal - Woodside,0,0,0,953,953
Mount Barker,0,0,0,2378,2378
Mount Barker Region,0,0,0,739,739
Nairne,0,0,0,771,771
Uraidla - Summertown,0,0,0,574,574
Burnside - Wattle Park,0,0,0,2109,2109
Glenside - Beaumont,0,0,0,1033,1033
Toorak Gardens,0,0,0,1794,1794
Athelstone,0,0,0,1060,1060
Paradise - Newton,0,0,0,2534,2534
Rostrevor - Magill,0,0,0,2911,2911
Norwood (SA),0,0,0,1580,1580
Payneham - Felixstow,0,0,0,1745,1745
St Peters - Marden,0,0,0,1747,1747
Nailsworth - Broadview,0,0,0,928,928
Prospect,0,0,0,2017,2017
Walkerville,0,0,0,814,814
Goodwood - Millswood,0,0,0,2542,2542
Unley - Parkside,0,0,0,2655,2655
Gawler - North,0,0,0,1203,1203
Gawler - South,0,0,0,2273,2273
Lewiston - Two Wells,0,0,0,683,683
Craigmore - Blakeview,0,0,0,2656,2656
Davoren Park,0,0,0,2731,2731
Elizabeth,0,0,0,1262,1262
Elizabeth East,0,0,0,1598,1598
Munno Para West - Angle Vale,0,0,0,1981,1981
One Tree Hill,0,0,0,206,206
Smithfield - Elizabeth North,0,0,0,1566,1566
Virginia - Waterloo Corner,0,0,0,451,451
Enfield - Blair Athol,0,0,0,3561,3561
Northgate - Oakden - Gilles Plains,0,0,0,4010,4010
Windsor Gardens,0,0,0,3557,3557
Dry Creek - North,0,0,0,0,0
Ingle Farm,0,0,0,1919,1919
Para Hills,0,0,0,1977,1977
Parafield,0,0,0,16,16
Parafield Gardens,0,0,0,2398,2398
Paralowie,0,0,0,2458,2458
Salisbury,0,0,0,2309,2309
Salisbury East,0,0,0,2194,2194
Salisbury North,0,0,0,2650,2650
Mawson Lakes - Globe Derby Park,0,0,0,2483,2483
Pooraka - Cavan,0,0,0,1091,1091
Golden Grove,0,0,0,1238,1238
Greenwith,0,0,0,1210,1210
Highbury - Dernancourt,0,0,0,1233,1233
Hope Valley - Modbury,0,0,0,2188,2188
Modbury Heights,0,0,0,2410,2410
Redwood Park,0,0,0,2105,2105
St Agnes - Ridgehaven,0,0,0,1559,1559
Brighton (SA),0,0,0,1534,1534
Glenelg (SA),0,0,0,2506,2506
Edwardstown,0,0,0,2161,2161
Hallett Cove,0,0,0,1537,1537
Marino - Seaview Downs,0,0,0,1202,1202
Mitchell Park,0,0,0,2209,2209
Morphettville,0,0,0,2106,2106
Sheidow Park - Trott Park,0,0,0,1556,1556
Warradale,0,0,0,2122,2122
Belair,0,0,0,425,425
Bellevue Heights,0,0,0,911,911
Blackwood,0,0,0,1400,1400
Colonel Light Gardens,0,0,0,2179,2179
Mitcham (SA),0,0,0,1792,1792
Panorama,0,0,0,1049,1049
Aberfoyle Park,0,0,0,1404,1404
Aldinga,0,0,0,2158,2158
Christie Downs,0,0,0,1216,1216
Christies Beach,0,0,0,1236,1236
Clarendon,0,0,0,232,232
Coromandel Valley,0,0,0,542,542
Flagstaff Hill,0,0,0,1263,1263
Hackham - Onkaparinga Hills,0,0,0,741,741
Hackham West - Huntfield Heights,0,0,0,1046,1046
Happy Valley,0,0,0,1806,1806
Happy Valley Reservoir,0,0,0,0,0
Lonsdale,0,0,0,3,3
McLaren Vale,0,0,0,591,591
Morphett Vale - East,0,0,0,1778,1778
Morphett Vale - West,0,0,0,1308,1308
Reynella,0,0,0,1385,1385
Seaford (SA),0,0,0,3138,3138
Willunga,0,0,0,341,341
Woodcroft,0,0,0,1417,1417
Beverley,0,0,0,1176,1176
Flinders Park,0,0,0,1954,1954
Henley Beach,0,0,0,1750,1750
Hindmarsh - Brompton,0,0,0,2733,2733
Royal Park - Hendon - Albert Park,0,0,0,854,854
Seaton - Grange,0,0,0,2056,2056
West Lakes,0,0,0,1506,1506
Woodville - Cheltenham,0,0,0,2441,2441
Dry Creek - South,0,0,0,0,0
Largs Bay - Semaphore,0,0,0,1930,1930
North Haven,0,0,0,1755,1755
Port Adelaide,0,0,0,1449,1449
The Parks,0,0,0,2771,2771
Torrens Island,0,0,0,0,0
Adelaide Airport,0,0,0,0,0
Fulham,0,0,0,294,294
Lockleys,0,0,0,1829,1829
Plympton,0,0,0,3767,3767
Richmond (SA),0,0,0,2775,2775
West Beach,0,0,0,640,640
Barossa - Angaston,0,0,0,679,679
Light,0,0,0,1087,1087
Lyndoch,0,0,0,724,724
Mallala,0,0,0,340,340
Nuriootpa,0,0,0,745,745
Tanunda,0,0,0,475,475
Clare,0,0,0,481,481
Gilbert Valley,0,0,0,468,468
Goyder,0,0,0,374,374
Wakefield - Barunga West,0,0,0,936,936
Jamestown,0,0,0,445,445
Peterborough - Mount Remarkable,0,0,0,448,448
Port Pirie,0,0,0,1547,1547
Port Pirie Region,0,0,0,332,332
Kadina,0,0,0,578,578
Moonta,0,0,0,383,383
Wallaroo,0,0,0,345,345
Yorke Peninsula - North,0,0,7,541,547
Yorke Peninsula - South,0,0,0,285,285
Ceduna,0,6,21,330,352
Eyre Peninsula,0,0,0,663,669
Kimba - Cleve - Franklin Harbour,0,0,0,445,445
Le Hunte - Elliston,0,0,0,237,237
Port Lincoln,0,0,0,1916,1916
West Coast (SA),0,21,58,305,385
Western,0,0,5,3,10
Whyalla,0,0,0,2681,2684
Whyalla - North,0,0,0,0,0
APY Lands,32,77,192,79,379
Coober Pedy,0,3,10,197,204
Quorn - Lake Gilles,0,0,6,180,186
Outback,0,15,25,244,277
Port Augusta,0,4,13,1588,1603
Roxby Downs,0,0,0,648,648
Goolwa - Port Elliot,0,0,0,833,833
Kangaroo Island,0,0,0,475,475
Strathalbyn,0,0,0,792,792
Strathalbyn Region,0,0,0,771,771
Victor Harbor,0,0,0,1129,1129
Yankalilla,0,0,0,483,483
Grant,0,0,0,565,565
Kingston - Robe,0,0,0,358,358
Millicent,0,0,0,507,507
Naracoorte,0,0,0,748,748
Naracoorte Region,0,0,0,226,226
Penola,0,0,0,349,349
Tatiara,0,0,0,737,737
Wattle Range,0,0,0,323,323
Mount Gambier - East,0,0,0,1798,1798
Mount Gambier - West,0,0,0,1648,1648
Barmera,0,3,3,625,632
Berri,0,0,0,498,498
Karoonda - Lameroo,0,0,0,299,299
Loxton,0,0,0,568,568
Loxton Region,0,0,0,162,162
Mannum,0,0,0,518,518
Murray Bridge,0,0,0,2023,2023
Murray Bridge Region,0,3,0,365,372
Renmark,0,0,0,534,534
Renmark Region,0,0,0,553,553
The Coorong,0,0,11,535,549
Waikerie,0,0,0,596,596
Migratory - Offshore - Shipping (SA),0,0,0,0,0
No Usual Address (SA),0,0,0,353,353
Augusta,0,0,0,635,635
Busselton,0,0,0,3110,3110
Busselton Region,0,0,0,1455,1455
Margaret River,0,0,0,1483,1483
Australind - Leschenault,0,0,0,2449,2449
Capel,0,0,0,633,633
College Grove - Carey Park,0,0,0,854,854
Collie,0,0,0,1015,1015
Dardanup,0,0,0,324,324
Davenport,0,0,0,0,0
Eaton - Pelican Point,0,0,0,1604,1604
Harvey,0,0,0,1005,1005
East Bunbury - Glen Iris,0,0,0,918,918
Waroona,0,0,0,436,436
Dalyellup,0,0,0,1410,1410
Gelorup - Stratham,0,0,0,286,286
South Bunbury - Bunbury,0,0,0,1502,1502
Withers - Usher,0,0,0,713,713
Bridgetown - Boyup Brook,0,0,0,612,612
Donnybrook - Balingup,0,0,0,617,617
Manjimup,0,0,0,616,616
Pemberton,0,0,0,441,441
Dawesville - Bouvard,0,0,0,855,855
Falcon - Wannanup,0,0,0,961,961
Greenfields,0,0,0,1095,1095
Halls Head - Erskine,0,0,0,2005,2005
Mandurah,0,0,0,1001,1001
Mandurah - East,0,0,0,556,554
Mandurah - North,0,0,0,2583,2583
Mandurah - South,0,0,0,978,978
Pinjarra,0,0,0,1136,1137
City Beach,0,0,0,498,498
Claremont (WA),0,0,0,943,943
Cottesloe,0,0,0,913,913
Floreat,0,0,0,867,867
Mosman Park - Peppermint Grove,0,0,0,1357,1357
Nedlands - Dalkeith - Crawley,0,0,0,1991,1991
Swanbourne - Mount Claremont,0,0,0,866,866
Kings Park (WA),0,0,0,5,5
Mount Hawthorn - Leederville,0,0,0,2016,2016
Mount Lawley - Inglewood,0,0,0,2772,2772
North Perth,0,0,0,1538,1538
Perth City,0,0,0,7738,7740
Subiaco - Shenton Park,0,0,0,2603,2603
Wembley - West Leederville - Glendalough,0,0,0,3373,3373
Bassendean - Eden Hill - Ashfield,0,0,0,2299,2299
Bayswater - Embleton - Bedford,0,0,0,3783,3783
Maylands,0,0,0,2789,2789
Morley,0,0,0,3298,3298
Noranda,0,0,0,901,901
Chidlow,0,0,0,330,330
Glen Forrest - Darlington,0,0,0,724,724
Helena Valley - Koongamia,0,0,0,701,701
Malmalling - Reservoir,0,0,0,0,0
Mundaring,0,0,0,1403,1403
Swan View - Greenmount - Midvale,0,0,0,1463,1463
Avon Valley National Park,0,0,0,0,0
Ballajura,0,0,0,2391,2391
Beechboro,0,0,0,3092,3092
Bullsbrook,0,0,0,699,699
Ellenbrook,0,0,0,6554,6554
Gidgegannup,0,0,0,302,302
Hazelmere - Guildford,0,0,0,647,647
Lockridge - Kiara,0,0,0,1772,1772
Malaga,0,0,0,0,0
Melaleuca - Lexia,0,0,0,0,0
Middle Swan - Herne Hill,0,0,0,664,665
Midland - Guildford,0,0,0,1545,1545
Stratton - Jane Brook,0,0,0,1011,1011
The Vines,0,0,0,1449,1449
Walyunga National Park,0,0,0,0,0
Craigie - Beldon,0,0,0,1652,1652
Currambine - Kinross,0,0,0,1805,1805
Duncraig,0,0,0,1760,1760
Greenwood - Warwick,0,0,0,1819,1819
Heathridge - Connolly,0,0,0,1473,1473
Hillarys,0,0,0,1157,1157
Iluka - Burns Beach,0,0,0,1000,1000
Joondalup - Edgewater,0,0,0,1894,1894
Kingsley,0,0,0,1509,1509
Mullaloo - Kallaroo,0,0,0,1324,1324
Ocean Reef,0,0,0,781,781
Padbury,0,0,0,1224,1224
Sorrento - Marmion,0,0,0,926,927
Woodvale,0,0,0,928,928
Balcatta - Hamersley,0,0,0,2378,2378
Balga - Mirrabooka,0,0,0,3243,3243
Dianella,0,0,0,3176,3176
Herdsman,0,0,0,0,0
Innaloo - Doubleview,0,0,0,3288,3288
Karrinyup - Gwelup - Carine,0,0,0,2549,2549
Nollamara - Westminster,0,0,0,3746,3750
Osborne Park Industrial,0,0,0,0,0
Scarborough,0,0,0,3310,3310
Stirling - Osborne Park,0,0,0,2248,2248
Trigg - North Beach - Watermans Bay,0,0,0,948,948
Tuart Hill - Joondanna,0,0,0,2584,2584
Wembley Downs - Churchlands - Woodlands,0,0,0,1707,1707
Yokine - Coolbinia - Menora,0,0,0,2462,2462
Alexander Heights - Koondoola,0,0,0,1567,1567
Butler - Merriwa - Ridgewood,0,0,0,3799,3799
Carramar,0,0,0,3019,3019
Clarkson,0,0,0,2318,2318
Girrawheen,0,0,0,1251,1251
Madeley - Darch - Landsdale,0,0,0,4251,4251
Marangaroo,0,0,0,1457,1457
Mindarie - Quinns Rocks - Jindalee,0,0,0,2336,2336
Neerabup National Park,0,0,0,0,0
Tapping - Ashby - Sinagra,0,0,0,2098,2098
Wanneroo,0,0,0,3945,3945
Alkimos - Eglinton,0,0,0,1677,1677
Carabooda - Pinjar,0,0,0,86,86
Two Rocks,0,0,0,402,402
Yanchep,0,0,0,1369,1369
Armadale - Wungong - Brookdale,0,0,0,2745,2745
Ashendon - Lesley,0,0,0,0,0
Camillo - Champion Lakes,0,0,0,738,738
Forrestdale - Harrisdale - Piara Waters,0,0,0,4193,4193
Kelmscott,0,0,0,1401,1401
Mount Nasura - Mount Richon - Bedfordale,0,0,0,881,881
Roleystone,0,0,0,841,841
Seville Grove,0,0,0,1778,1778
Belmont - Ascot - Redcliffe,0,0,0,2337,2337
East Victoria Park - Carlisle,0,0,0,3252,3252
Kewdale Commercial,0,0,0,0,0
Perth Airport,0,0,0,8,8
Rivervale - Kewdale - Cloverdale,0,0,0,4502,4502
Victoria Park - Lathlain - Burswood,0,0,0,2846,2846
Bentley - Wilson - St James,0,0,0,3097,3097
Canning Vale - West,0,0,0,1260,1260
Canning Vale Commercial,0,0,0,0,0
Cannington - Queens Park,0,0,0,3532,3532
Parkwood - Ferndale - Lynwood,0,0,0,1990,1990
Riverton - Shelley - Rossmoyne,0,0,0,1527,1527
Welshpool,0,0,0,0,0
Willetton,0,0,0,2240,2240
Beckenham - Kenwick - Langford,0,0,0,3038,3038
Canning Vale - East,0,0,0,3572,3572
Gosnells,0,0,0,2964,2964
Huntingdale - Southern River,0,0,0,3216,3216
Maddington - Orange Grove - Martin,0,0,0,1889,1889
Thornlie,0,0,0,3246,3246
Forrestfield - Wattle Grove,0,0,0,2956,2956
High Wycombe,0,0,0,1838,1838
Kalamunda - Maida Vale - Gooseberry Hill,0,0,0,1544,1544
Lesmurdie - Bickley - Carmel,0,0,0,1118,1118
Byford,0,0,0,2906,2906
Mundijong,0,0,0,735,735
Serpentine - Jarrahdale,0,0,0,451,451
Como,0,0,0,2409,2409
Manning - Waterford,0,0,0,1316,1316
South Perth - Kensington,0,0,0,2485,2485
Banjup,0,0,0,3148,3148
Bibra Industrial,0,0,0,0,0
Bibra Lake,0,0,0,0,0
Coogee,0,0,0,1154,1154
Coolbellup,0,0,0,1208,1208
Hamilton Hill,0,0,0,1569,1569
Henderson,0,0,0,0,0
North Coogee,0,0,0,386,390
South Lake - Cockburn Central,0,0,0,1710,1710
Spearwood,0,0,0,1387,1387
Success - Hammond Park,0,0,0,3025,3025
Yangebup,0,0,0,1189,1189
Beeliar - Wattleup,0,0,0,1443,1443
Jandakot,0,0,0,271,271
East Fremantle,0,0,0,874,874
Fremantle,0,0,0,2386,2386
Fremantle - South,0,0,0,2055,2055
O'Connor (WA),0,0,0,0,0
Bertram - Wellard (West),0,0,0,2946,2946
Calista,0,0,0,1072,1072
Hope Valley - Postans,0,0,0,0,0
Kwinana Industrial,0,0,0,4,4
Parmelia - Orelia,0,0,0,1586,1586
Casuarina - Wandi,0,0,0,937,937
Applecross - Ardross,0,0,0,1346,1346
Bateman,0,0,0,434,434
Bicton - Palmyra,0,0,0,1993,1993
Booragoon,0,0,0,1791,1791
Bull Creek,0,0,0,859,859
Leeming,0,0,0,1239,1239
Melville,0,0,0,1988,1988
Murdoch - Kardinya,0,0,0,1404,1404
Willagee,0,0,0,751,751
Winthrop,0,0,0,605,605
Baldivis,0,0,0,5904,5904
Cooloongup,0,0,0,1035,1035
Port Kennedy,0,0,0,1968,1968
Rockingham,0,0,0,1711,1711
Rockingham Lakes,0,0,0,0,0
Safety Bay - Shoalwater,0,0,0,1294,1294
Singleton - Golden Bay - Secret Harbour,0,0,0,3054,3054
Waikiki,0,0,0,1651,1651
Warnbro,0,0,0,1450,1450
Albany,0,0,0,1561,1561
Albany Region,0,0,0,333,333
Bayonet Head - Lower King,0,0,0,558,558
Denmark,0,0,0,571,571
Gnowangerup,0,0,0,369,369
Katanning,0,0,0,578,578
Kojonup,0,0,0,491,491
Little Grove - Elleker,0,0,0,304,304
McKail - Willyung,0,0,0,1319,1319
Plantagenet,0,0,0,496,496
Stirling Range National Park,0,0,0,0,0
Chittering,0,0,0,613,613
Cunderdin,0,0,0,434,434
Dowerin,0,0,0,456,456
Gingin - Dandaragan,0,0,0,907,907
Merredin,0,0,0,580,580
Moora,0,0,0,577,577
Mukinbudin,0,0,0,364,364
Northam,0,0,0,1240,1240
Toodyay,0,0,0,371,371
York - Beverley,0,0,0,483,483
Brookton,0,0,0,377,377
Kulin,0,0,0,531,531
Murray,0,0,0,311,311
Narrogin,0,0,0,522,522
Wagin,0,0,0,529,529
Broome,0,0,15,2538,2555
Derby - West Kimberley,77,98,339,717,1235
Halls Creek,17,58,253,224,553
Kununurra,28,21,104,1073,1219
Roebuck,18,64,128,114,321
East Pilbara,25,40,141,532,746
Newman,0,0,0,798,798
Port Hedland,0,0,0,841,841
South Hedland,0,0,0,1742,1739
Ashburton (WA),0,0,20,1543,1563
Karratha,0,0,0,3005,3005
Roebourne,0,0,19,764,782
Esperance,0,0,0,1449,1449
Esperance Region,0,0,0,485,485
Carnarvon,0,0,20,663,680
Exmouth,0,4,10,673,684
Boulder,0,0,0,1043,1043
Kalgoorlie,0,0,4,2223,2225
Kalgoorlie - North,0,0,0,1507,1507
Kalgoorlie Airport,0,0,0,0,0
Kambalda - Coolgardie - Norseman,0,0,10,602,614
Leinster - Leonora,28,54,203,377,664
Trafalgar (WA),0,0,0,0,0
Geraldton,0,0,0,1298,1302
Geraldton - East,0,0,0,1013,1013
Geraldton - North,0,0,0,1053,1053
Geraldton - South,0,0,0,1429,1429
Irwin,0,0,0,360,360
Meekatharra,0,11,34,330,379
Morawa,0,0,5,427,429
Northampton - Mullewa - Greenough,0,0,5,596,596
Migratory - Offshore - Shipping (WA),0,0,0,14,14
No Usual Address (WA),0,0,0,838,838
Bridgewater - Gagebrook,0,0,0,987,987
Brighton - Pontville,0,0,0,785,785
Old Beach - Otago,0,0,0,584,584
Bellerive - Rosny,0,0,0,664,664
Cambridge,0,0,0,849,849
Geilston Bay - Risdon,0,0,0,428,428
Howrah - Tranmere,0,0,0,1263,1263
Lindisfarne - Rose Bay,0,0,0,808,808
Mornington - Warrane,0,0,0,679,679
Risdon Vale,0,0,0,377,377
Rokeby,0,0,0,957,957
South Arm,0,0,0,482,482
Austins Ferry - Granton,0,0,0,524,524
Berriedale - Chigwell,0,0,0,694,694
Claremont (Tas.),0,0,0,991,991
Derwent Park - Lutana,0,0,0,580,580
Glenorchy,0,0,0,1404,1404
Montrose - Rosetta,0,0,0,586,586
Moonah,0,0,0,755,755
New Norfolk,0,0,0,774,774
West Moonah,0,0,0,578,578
Kingston - Huntingfield,0,0,0,1566,1566
Kingston Beach - Blackmans Bay,0,0,0,1214,1214
Margate - Snug,0,0,0,1010,1010
Mount Wellington,0,0,0,0,0
Taroona - Bonnet Hill,0,0,0,351,351
Hobart,0,0,0,1253,1253
Lenah Valley - Mount Stuart,0,0,0,1180,1180
Mount Nelson - Dynnyrne,0,0,0,593,593
New Town,0,0,0,837,837
Sandy Bay,0,0,0,1515,1515
South Hobart - Fern Tree,0,0,0,850,850
West Hobart,0,0,0,915,915
Dodges Ferry - Lewisham,0,0,0,884,884
Sorell - Richmond,0,0,0,1015,1015
Invermay,0,0,0,394,394
Kings Meadows - Punchbowl,0,0,0,568,568
Launceston,0,0,0,637,637
Legana,0,0,0,446,446
Mowbray,0,0,0,479,479
Newnham - Mayfield,0,0,0,1148,1148
Newstead,0,0,0,619,619
Norwood (Tas.),0,0,0,417,417
Prospect Vale - Blackstone,0,0,0,748,748
Ravenswood,0,0,0,447,447
Riverside,0,0,0,756,756
South Launceston,0,0,0,662,662
Summerhill - Prospect,0,0,0,617,617
Trevallyn,0,0,0,574,574
Waverley - St Leonards,0,0,0,463,463
West Launceston,0,0,0,568,568
Youngtown - Relbia,0,0,0,557,557
Beauty Point - Beaconsfield,0,0,0,301,301
Deloraine,0,0,0,586,586
Grindelwald - Lanena,0,0,0,545,545
Hadspen - Carrick,0,0,0,406,406
Westbury,0,0,0,399,399
Dilston - Lilydale,0,0,0,420,420
George Town,0,0,0,706,706
Longford,0,0,0,398,398
Northern Midlands,0,0,0,406,406
Perth - Evandale,0,0,0,563,563
St Helens - Scamander,0,0,0,499,499
Flinders and Cape Barren Islands,0,0,0,83,83
Scottsdale - Bridport,0,0,0,656,656
Central Highlands,0,0,0,200,200
Derwent Valley,0,0,0,322,322
Southern Midlands,0,0,0,634,634
Wilderness - East,0,0,0,5,5
Bruny Island - Kettering,0,0,0,255,255
Cygnet,0,0,0,411,411
Geeveston - Dover,0,0,0,345,345
Huonville - Franklin,0,0,0,977,977
Forestier - Tasman,0,0,0,185,185
Triabunna - Bicheno,0,0,0,374,374
Acton - Upper Burnie,0,0,0,402,402
Burnie - Ulverstone Region,0,0,0,516,516
Burnie - Wivenhoe,0,0,0,455,455
Parklands - Camdale,0,0,0,726,726
Penguin - Sulphur Creek,0,0,0,557,557
Romaine - Havenview,0,0,0,422,422
Somerset,0,0,0,421,421
Ulverstone,0,0,0,714,714
West Ulverstone,0,0,0,405,405
Wynyard,0,0,0,623,623
Devonport,0,0,0,1584,1584
East Devonport,0,0,0,509,509
Latrobe,0,0,0,538,538
Miandetta - Don,0,0,0,464,464
Port Sorell,0,0,0,522,522
Quoiba - Spreyton,0,0,0,338,338
Sheffield - Railton,0,0,0,629,629
Turners Beach - Forth,0,0,0,333,333
King Island,0,0,0,181,181
North West,0,0,0,442,442
Smithton,0,0,0,420,420
Waratah,0,0,0,360,360
West Coast (Tas.),0,0,0,497,497
Wilderness - West,0,0,0,0,0
Migratory - Offshore - Shipping (Tas.),0,0,0,3,3
No Usual Address (Tas.),0,0,0,120,120
Darwin Airport,0,0,0,3,3
Darwin City,0,0,4,1469,1472
East Point,0,0,0,5,5
Fannie Bay - The Gardens,0,0,0,577,577
Larrakeyah,0,0,0,713,713
Ludmilla - The Narrows,0,0,55,361,420
Parap,0,0,0,562,562
Stuart Park,0,0,0,904,904
Woolner - Bayview - Winnellie,0,0,0,513,513
Alawa,0,0,0,351,352
Anula,0,0,0,350,350
Berrimah,0,0,13,144,161
Brinkin - Nakara,0,0,0,584,584
Buffalo Creek,0,0,0,0,0
Charles Darwin,0,0,0,0,0
Coconut Grove,0,0,17,581,595
East Arm,0,0,0,4,4
Jingili,0,0,0,261,261
Karama,0,0,0,791,790
Leanyer,0,0,0,708,708
Lyons (NT),0,0,0,973,973
Malak - Marrara,0,0,0,670,671
Millner,0,0,0,456,456
Moil,0,0,0,297,297
Nightcliff,0,0,0,753,755
Rapid Creek,0,0,0,650,648
Tiwi,0,0,0,410,410
Wagaman,0,0,0,345,345
Wanguri,0,0,0,269,271
Wulagi,0,0,0,389,389
Howard Springs,0,0,18,472,493
Humpty Doo,0,0,0,1268,1268
Koolpinyah,0,0,0,3,3
Virginia,0,0,0,420,420
Weddell,0,0,6,587,590
Bakewell,0,0,0,586,586
Driver,0,0,0,480,480
Durack - Marlow Lagoon,0,0,0,780,783
Gray,0,0,4,540,542
Moulden,0,0,0,457,456
Palmerston - North,0,0,0,784,784
Palmerston - South,0,0,0,667,667
Rosebery - Bellamack,0,0,0,1314,1314
Woodroffe,0,0,0,547,545
Charles,5,9,61,623,693
East Side,0,0,40,882,924
Flynn (NT),0,3,15,722,737
Larapinta,0,0,0,788,788
Mount Johns,0,0,5,741,749
Petermann - Simpson,13,36,68,338,456
Ross,0,3,53,230,288
Sandover - Plenty,26,79,261,158,528
Tanami,17,101,269,81,467
Yuendumu - Anmatjere,50,61,174,80,364
Barkly,23,76,205,81,380
Tennant Creek,6,16,100,331,446
Alligator,5,11,31,532,575
Daly,7,34,82,117,244
Thamarrurr,8,65,309,55,450
Tiwi Islands,51,97,203,48,398
West Arnhem,26,126,536,117,801
Anindilyakwa,27,38,186,185,444
East Arnhem,149,219,699,145,1213
Nhulunbuy,0,0,0,524,524
Elsey,24,69,143,85,324
Gulf,29,107,337,110,589
Katherine,3,12,73,1448,1542
Victoria River,26,57,140,125,349
Migratory - Offshore - Shipping (NT),0,0,0,4,4
No Usual Address (NT),0,0,0,420,420
Aranda,0,0,0,279,279
Belconnen,0,0,0,1497,1497
Bruce,0,0,0,1261,1261
Charnwood,0,0,0,496,496
Cook,0,0,0,419,419
Dunlop,0,0,0,1235,1235
Evatt,0,0,0,781,781
Florey,0,0,0,669,669
Flynn (ACT),0,0,0,459,459
Fraser,0,0,0,254,254
Giralang,0,0,0,512,512
Gooromon,0,0,0,0,0
Hawker,0,0,0,354,354
Higgins,0,0,0,455,455
Holt,0,0,0,735,735
Kaleen,0,0,0,956,956
Latham,0,0,0,585,585
Lawson,0,0,0,24,24
Macgregor (ACT),0,0,0,1358,1358
Macquarie,0,0,0,424,424
McKellar,0,0,0,321,321
Melba,0,0,0,440,440
Page,0,0,0,458,458
Scullin,0,0,0,461,461
Spence,0,0,0,381,381
Weetangera,0,0,0,284,284
Molonglo Corridor,0,0,0,0,0
West Belconnen,0,0,0,0,0
Hume,0,0,0,20,20
Kowen,0,0,0,6,6
Canberra East,0,0,0,74,74
Canberra Airport,0,0,0,20,20
Majura,0,0,0,16,16
Amaroo,0,0,0,919,919
Bonner,0,0,0,1493,1493
Casey,0,0,0,1413,1413
Crace,0,0,0,1050,1050
Forde,0,0,0,843,843
Franklin,0,0,0,1512,1512
Gungahlin,0,0,0,1211,1211
Hall,0,0,0,26,26
Harrison,0,0,0,1641,1641
Mitchell,0,0,0,0,0
Ngunnawal,0,0,0,2000,2000
Nicholls,0,0,0,728,728
Palmerston,0,0,0,868,868
Gungahlin - East,0,0,0,0,0
Gungahlin - West,0,0,0,0,0
Jacka,0,0,0,175,175
Kenny,0,0,0,4,4
Moncrieff,0,0,0,25,25
Taylor,0,0,0,0,0
Throsby,0,0,0,0,0
Acton,0,0,0,205,205
Ainslie,0,0,0,714,714
Braddon,0,0,0,1328,1328
Civic,0,0,0,668,668
Dickson,0,0,0,434,434
Downer,0,0,0,616,616
Hackett,0,0,0,398,398
Lyneham,0,0,0,942,942
O'Connor (ACT),0,0,0,815,815
Turner,0,0,0,882,882
Watson,0,0,0,1125,1125
Black Mountain,0,0,0,0,0
Campbell,0,0,0,395,395
Duntroon,0,0,0,153,153
Parkes (ACT) - North,0,0,0,0,0
Reid,0,0,0,225,225
Russell,0,0,0,0,0
Deakin,0,0,0,303,303
Forrest,0,0,0,245,245
Griffith (ACT),0,0,0,762,762
Lake Burley Griffin,0,0,0,0,0
Narrabundah,0,0,0,888,888
Parkes (ACT) - South,0,0,0,0,0
Red Hill (ACT),0,0,0,334,334
Yarralumla,0,0,0,269,269
Barton,0,0,0,316,316
Fyshwick,0,0,0,3,3
Kingston (ACT),0,0,0,1150,1150
Banks,0,0,0,841,841
Bonython,0,0,0,539,539
Calwell,0,0,0,775,775
Chisholm,0,0,0,682,682
Conder,0,0,0,654,654
Fadden,0,0,0,304,304
Gilmore,0,0,0,407,407
Gordon (ACT),0,0,0,1037,1037
Gowrie (ACT),0,0,0,386,386
Greenway,0,0,0,340,340
Isabella Plains,0,0,0,666,666
Kambah,0,0,0,1929,1929
Macarthur,0,0,0,166,166
Monash,0,0,0,667,667
Mount Taylor,0,0,0,0,0
Oxley (ACT),0,0,0,206,206
Richardson,0,0,0,468,468
Theodore,0,0,0,551,551
Tuggeranong,0,0,0,0,0
Wanniassa,0,0,0,991,991
Tuggeranong - West,0,0,0,0,0
Chapman,0,0,0,254,254
Duffy,0,0,0,439,439
Fisher,0,0,0,436,436
Holder,0,0,0,362,362
Rivett,0,0,0,477,477
Stirling,0,0,0,249,249
Waramanga,0,0,0,376,377
Weston,0,0,0,459,459
Scrivener,0,0,0,0,0
Chifley,0,0,0,402,402
Curtin,0,0,0,643,643
Farrer,0,0,0,361,361
Garran,0,0,0,451,451
Hughes,0,0,0,325,325
Isaacs,0,0,0,219,219
Lyons (ACT),0,0,0,493,493
Mawson,0,0,0,485,485
O'Malley,0,0,0,80,80
Pearce,0,0,0,295,295
Phillip,0,0,0,778,778
Torrens,0,0,0,261,266
Arboretum,0,0,0,0,0
Coombs,0,0,0,443,443
Denman Prospect,0,0,0,0,0
Molonglo,0,0,0,0,0
Molonglo - North,0,0,0,0,0
Wright,0,0,0,738,738
ACT - South West,0,0,0,99,99
Namadgi,0,0,0,10,10
Migratory - Offshore - Shipping (ACT),0,0,0,0,0
No Usual Address (ACT),0,0,0,77,77
Christmas Island,0,0,0,208,208
Cocos (Keeling) Islands,0,0,0,72,72
Jervis Bay,0,0,10,50,56
Norfolk Island,0,0,0,189,189
Migratory - Offshore - Shipping (OT),0,0,0,0,0
No Usual Address (OT),0,0,0,8,8
Total,1041,2783,8144,3286682,3298649